/****** Object:  Table [dbo].[TD_COMPRA_DETALLE]    Script Date: 25/11/2023 13:44:42 ******/
SET ANSI_NULLS ON
GO
SET QUOTED_IDENTIFIER ON
GO
CREATE TABLE [dbo].[TD_COMPRA_DETALLE](
	[DETC_ID] [int] IDENTITY(1,1) NOT NULL,
	[COMPR_ID] [int] NULL,
	[PROD_ID] [int] NULL,
	[PROD_PCOMPRA] [numeric](18, 2) NULL,
	[DETC_CANT] [int] NULL,
	[DETC_TOTAL] [numeric](18, 2) NULL,
	[FECH_CREA] [datetime] NULL,
	[EST] [int] NULL,
 CONSTRAINT [PK_TD_COMPRA_DETALLE] PRIMARY KEY CLUSTERED 
(
	[DETC_ID] ASC
)WITH (PAD_INDEX = OFF, STATISTICS_NORECOMPUTE = OFF, IGNORE_DUP_KEY = OFF, ALLOW_ROW_LOCKS = ON, ALLOW_PAGE_LOCKS = ON, OPTIMIZE_FOR_SEQUENTIAL_KEY = OFF) ON [PRIMARY]
) ON [PRIMARY]
GO
/****** Object:  Table [dbo].[TD_MENU]    Script Date: 25/11/2023 13:44:42 ******/
SET ANSI_NULLS ON
GO
SET QUOTED_IDENTIFIER ON
GO
CREATE TABLE [dbo].[TD_MENU](
	[MEND_ID] [int] IDENTITY(1,1) NOT NULL,
	[MEN_ID] [int] NULL,
	[ROL_ID] [int] NULL,
	[MEND_PERMI] [varchar](2) NULL,
	[FECH_CREA] [datetime] NULL,
	[EST] [int] NULL,
 CONSTRAINT [PK_TD_MENU] PRIMARY KEY CLUSTERED 
(
	[MEND_ID] ASC
)WITH (PAD_INDEX = OFF, STATISTICS_NORECOMPUTE = OFF, IGNORE_DUP_KEY = OFF, ALLOW_ROW_LOCKS = ON, ALLOW_PAGE_LOCKS = ON, OPTIMIZE_FOR_SEQUENTIAL_KEY = OFF) ON [PRIMARY]
) ON [PRIMARY]
GO
/****** Object:  Table [dbo].[TD_VENTA_DETALLE]    Script Date: 25/11/2023 13:44:42 ******/
SET ANSI_NULLS ON
GO
SET QUOTED_IDENTIFIER ON
GO
CREATE TABLE [dbo].[TD_VENTA_DETALLE](
	[DETV_ID] [int] IDENTITY(1,1) NOT NULL,
	[VENT_ID] [int] NULL,
	[PROD_ID] [int] NULL,
	[PROD_PVENTA] [numeric](18, 2) NULL,
	[DETV_CANT] [int] NULL,
	[DETV_TOTAL] [numeric](18, 2) NULL,
	[FECH_CREA] [datetime] NULL,
	[EST] [int] NULL,
 CONSTRAINT [PK_TD_VENTA_DETALLE] PRIMARY KEY CLUSTERED 
(
	[DETV_ID] ASC
)WITH (PAD_INDEX = OFF, STATISTICS_NORECOMPUTE = OFF, IGNORE_DUP_KEY = OFF, ALLOW_ROW_LOCKS = ON, ALLOW_PAGE_LOCKS = ON, OPTIMIZE_FOR_SEQUENTIAL_KEY = OFF) ON [PRIMARY]
) ON [PRIMARY]
GO
/****** Object:  Table [dbo].[TM_CATEGORIA]    Script Date: 25/11/2023 13:44:42 ******/
SET ANSI_NULLS ON
GO
SET QUOTED_IDENTIFIER ON
GO
CREATE TABLE [dbo].[TM_CATEGORIA](
	[CAT_ID] [int] IDENTITY(1,1) NOT NULL,
	[SUC_ID] [int] NULL,
	[CAT_NOM] [varchar](150) NULL,
	[FECH_CREA] [datetime] NULL,
	[EST] [int] NULL,
 CONSTRAINT [PK_TM_CATEGORIA] PRIMARY KEY CLUSTERED 
(
	[CAT_ID] ASC
)WITH (PAD_INDEX = OFF, STATISTICS_NORECOMPUTE = OFF, IGNORE_DUP_KEY = OFF, ALLOW_ROW_LOCKS = ON, ALLOW_PAGE_LOCKS = ON, OPTIMIZE_FOR_SEQUENTIAL_KEY = OFF) ON [PRIMARY]
) ON [PRIMARY]
GO
/****** Object:  Table [dbo].[TM_CLIENTE]    Script Date: 25/11/2023 13:44:42 ******/
SET ANSI_NULLS ON
GO
SET QUOTED_IDENTIFIER ON
GO
CREATE TABLE [dbo].[TM_CLIENTE](
	[CLI_ID] [int] IDENTITY(1,1) NOT NULL,
	[EMP_ID] [int] NULL,
	[CLI_NOM] [varchar](150) NULL,
	[CLI_RUC] [varchar](50) NULL,
	[CLI_TELF] [varchar](50) NULL,
	[CLI_DIRECC] [varchar](150) NULL,
	[CLI_CORREO] [varchar](150) NULL,
	[FECH_CREA] [datetime] NULL,
	[EST] [int] NULL
) ON [PRIMARY]
GO
/****** Object:  Table [dbo].[TM_COMPANIA]    Script Date: 25/11/2023 13:44:42 ******/
SET ANSI_NULLS ON
GO
SET QUOTED_IDENTIFIER ON
GO
CREATE TABLE [dbo].[TM_COMPANIA](
	[COM_ID] [int] IDENTITY(1,1) NOT NULL,
	[COM_NOM] [varchar](150) NULL,
	[FECH_CREA] [datetime] NULL,
	[EST] [int] NULL,
 CONSTRAINT [PK_TM_COMPANIA] PRIMARY KEY CLUSTERED 
(
	[COM_ID] ASC
)WITH (PAD_INDEX = OFF, STATISTICS_NORECOMPUTE = OFF, IGNORE_DUP_KEY = OFF, ALLOW_ROW_LOCKS = ON, ALLOW_PAGE_LOCKS = ON, OPTIMIZE_FOR_SEQUENTIAL_KEY = OFF) ON [PRIMARY]
) ON [PRIMARY]
GO
/****** Object:  Table [dbo].[TM_COMPRA]    Script Date: 25/11/2023 13:44:42 ******/
SET ANSI_NULLS ON
GO
SET QUOTED_IDENTIFIER ON
GO
CREATE TABLE [dbo].[TM_COMPRA](
	[COMPR_ID] [int] IDENTITY(1,1) NOT NULL,
	[SUC_ID] [int] NULL,
	[PAG_ID] [int] NULL,
	[PROV_ID] [int] NULL,
	[PROV_RUC] [varchar](150) NULL,
	[PROV_DIRECC] [varchar](150) NULL,
	[PROV_CORREO] [varchar](150) NULL,
	[COMPR_SUBTOTAL] [numeric](18, 2) NULL,
	[COMPR_IGV] [numeric](18, 2) NULL,
	[COMPR_TOTAL] [numeric](18, 2) NULL,
	[COMPR_COMENT] [varchar](250) NULL,
	[USU_ID] [int] NULL,
	[MON_ID] [int] NULL,
	[DOC_ID] [int] NULL,
	[FECH_CREA] [datetime] NULL,
	[EST] [int] NULL,
 CONSTRAINT [PK_TM_COMPRA] PRIMARY KEY CLUSTERED 
(
	[COMPR_ID] ASC
)WITH (PAD_INDEX = OFF, STATISTICS_NORECOMPUTE = OFF, IGNORE_DUP_KEY = OFF, ALLOW_ROW_LOCKS = ON, ALLOW_PAGE_LOCKS = ON, OPTIMIZE_FOR_SEQUENTIAL_KEY = OFF) ON [PRIMARY]
) ON [PRIMARY]
GO
/****** Object:  Table [dbo].[TM_DOCUMENTO]    Script Date: 25/11/2023 13:44:42 ******/
SET ANSI_NULLS ON
GO
SET QUOTED_IDENTIFIER ON
GO
CREATE TABLE [dbo].[TM_DOCUMENTO](
	[DOC_ID] [int] IDENTITY(1,1) NOT NULL,
	[DOC_NOM] [varchar](50) NULL,
	[DOC_TIPO] [varchar](150) NULL,
	[FECH_CREA] [datetime] NULL,
	[EST] [int] NULL,
 CONSTRAINT [PK_TM_DOCUMENTO] PRIMARY KEY CLUSTERED 
(
	[DOC_ID] ASC
)WITH (PAD_INDEX = OFF, STATISTICS_NORECOMPUTE = OFF, IGNORE_DUP_KEY = OFF, ALLOW_ROW_LOCKS = ON, ALLOW_PAGE_LOCKS = ON, OPTIMIZE_FOR_SEQUENTIAL_KEY = OFF) ON [PRIMARY]
) ON [PRIMARY]
GO
/****** Object:  Table [dbo].[TM_EMPRESA]    Script Date: 25/11/2023 13:44:42 ******/
SET ANSI_NULLS ON
GO
SET QUOTED_IDENTIFIER ON
GO
CREATE TABLE [dbo].[TM_EMPRESA](
	[EMP_ID] [int] IDENTITY(1,1) NOT NULL,
	[COM_ID] [int] NULL,
	[EMP_NOM] [varchar](150) NULL,
	[EMP_RUC] [varchar](50) NULL,
	[EMP_CORREO] [varchar](150) NULL,
	[EMP_TELF] [varchar](150) NULL,
	[EMP_DIRECC] [varchar](250) NULL,
	[EMP_PAG] [varchar](150) NULL,
	[FECH_CREA] [datetime] NULL,
	[EST] [int] NULL,
 CONSTRAINT [PK_TM_EMPRESA] PRIMARY KEY CLUSTERED 
(
	[EMP_ID] ASC
)WITH (PAD_INDEX = OFF, STATISTICS_NORECOMPUTE = OFF, IGNORE_DUP_KEY = OFF, ALLOW_ROW_LOCKS = ON, ALLOW_PAGE_LOCKS = ON, OPTIMIZE_FOR_SEQUENTIAL_KEY = OFF) ON [PRIMARY]
) ON [PRIMARY]
GO
/****** Object:  Table [dbo].[TM_MENU]    Script Date: 25/11/2023 13:44:42 ******/
SET ANSI_NULLS ON
GO
SET QUOTED_IDENTIFIER ON
GO
CREATE TABLE [dbo].[TM_MENU](
	[MEN_ID] [int] IDENTITY(1,1) NOT NULL,
	[MEN_NOM] [varchar](150) NULL,
	[MEN_RUTA] [varchar](250) NULL,
	[MEN_IDENTI] [varchar](150) NULL,
	[MEN_GRUPO] [varchar](150) NULL,
	[FECH_CREA] [datetime] NULL,
	[EST] [int] NULL,
 CONSTRAINT [PK_TM_MENU] PRIMARY KEY CLUSTERED 
(
	[MEN_ID] ASC
)WITH (PAD_INDEX = OFF, STATISTICS_NORECOMPUTE = OFF, IGNORE_DUP_KEY = OFF, ALLOW_ROW_LOCKS = ON, ALLOW_PAGE_LOCKS = ON, OPTIMIZE_FOR_SEQUENTIAL_KEY = OFF) ON [PRIMARY]
) ON [PRIMARY]
GO
/****** Object:  Table [dbo].[TM_MONEDA]    Script Date: 25/11/2023 13:44:42 ******/
SET ANSI_NULLS ON
GO
SET QUOTED_IDENTIFIER ON
GO
CREATE TABLE [dbo].[TM_MONEDA](
	[MON_ID] [int] IDENTITY(1,1) NOT NULL,
	[SUC_ID] [int] NULL,
	[MON_NOM] [varchar](50) NULL,
	[FECH_CREA] [datetime] NULL,
	[EST] [int] NULL,
 CONSTRAINT [PK_TM_MONEDA] PRIMARY KEY CLUSTERED 
(
	[MON_ID] ASC
)WITH (PAD_INDEX = OFF, STATISTICS_NORECOMPUTE = OFF, IGNORE_DUP_KEY = OFF, ALLOW_ROW_LOCKS = ON, ALLOW_PAGE_LOCKS = ON, OPTIMIZE_FOR_SEQUENTIAL_KEY = OFF) ON [PRIMARY]
) ON [PRIMARY]
GO
/****** Object:  Table [dbo].[TM_PAGO]    Script Date: 25/11/2023 13:44:42 ******/
SET ANSI_NULLS ON
GO
SET QUOTED_IDENTIFIER ON
GO
CREATE TABLE [dbo].[TM_PAGO](
	[PAG_ID] [int] IDENTITY(1,1) NOT NULL,
	[PAG_NOM] [varchar](150) NULL,
	[FECH_CREA] [datetime] NULL,
	[EST] [int] NULL,
 CONSTRAINT [PK_TM_PAGO] PRIMARY KEY CLUSTERED 
(
	[PAG_ID] ASC
)WITH (PAD_INDEX = OFF, STATISTICS_NORECOMPUTE = OFF, IGNORE_DUP_KEY = OFF, ALLOW_ROW_LOCKS = ON, ALLOW_PAGE_LOCKS = ON, OPTIMIZE_FOR_SEQUENTIAL_KEY = OFF) ON [PRIMARY]
) ON [PRIMARY]
GO
/****** Object:  Table [dbo].[TM_PRODUCTO]    Script Date: 25/11/2023 13:44:42 ******/
SET ANSI_NULLS ON
GO
SET QUOTED_IDENTIFIER ON
GO
CREATE TABLE [dbo].[TM_PRODUCTO](
	[PROD_ID] [int] IDENTITY(1,1) NOT NULL,
	[SUC_ID] [int] NULL,
	[CAT_ID] [int] NULL,
	[PROD_NOM] [varchar](150) NULL,
	[PROD_DESCRIP] [varchar](150) NULL,
	[UND_ID] [int] NULL,
	[MON_ID] [int] NULL,
	[PROD_PCOMPRA] [numeric](18, 2) NULL,
	[PROD_PVENTA] [numeric](18, 2) NULL,
	[PROD_STOCK] [int] NULL,
	[PROD_FECHAVEN] [date] NULL,
	[PROD_IMG] [varchar](max) NULL,
	[FECH_CREA] [datetime] NULL,
	[EST] [int] NULL,
 CONSTRAINT [PK_TM_PRODUCTO] PRIMARY KEY CLUSTERED 
(
	[PROD_ID] ASC
)WITH (PAD_INDEX = OFF, STATISTICS_NORECOMPUTE = OFF, IGNORE_DUP_KEY = OFF, ALLOW_ROW_LOCKS = ON, ALLOW_PAGE_LOCKS = ON, OPTIMIZE_FOR_SEQUENTIAL_KEY = OFF) ON [PRIMARY]
) ON [PRIMARY] TEXTIMAGE_ON [PRIMARY]
GO
/****** Object:  Table [dbo].[TM_PROVEEDOR]    Script Date: 25/11/2023 13:44:42 ******/
SET ANSI_NULLS ON
GO
SET QUOTED_IDENTIFIER ON
GO
CREATE TABLE [dbo].[TM_PROVEEDOR](
	[PROV_ID] [int] IDENTITY(1,1) NOT NULL,
	[EMP_ID] [int] NULL,
	[PROV_NOM] [varchar](150) NULL,
	[PROV_RUC] [varchar](15) NULL,
	[PROV_TELF] [varchar](50) NULL,
	[PROV_DIRECC] [varchar](150) NULL,
	[PROV_CORREO] [varchar](50) NULL,
	[FECH_CREA] [datetime] NULL,
	[EST] [int] NULL,
 CONSTRAINT [PK_TM_PROVEEDOR] PRIMARY KEY CLUSTERED 
(
	[PROV_ID] ASC
)WITH (PAD_INDEX = OFF, STATISTICS_NORECOMPUTE = OFF, IGNORE_DUP_KEY = OFF, ALLOW_ROW_LOCKS = ON, ALLOW_PAGE_LOCKS = ON, OPTIMIZE_FOR_SEQUENTIAL_KEY = OFF) ON [PRIMARY]
) ON [PRIMARY]
GO
/****** Object:  Table [dbo].[TM_ROL]    Script Date: 25/11/2023 13:44:42 ******/
SET ANSI_NULLS ON
GO
SET QUOTED_IDENTIFIER ON
GO
CREATE TABLE [dbo].[TM_ROL](
	[ROL_ID] [int] IDENTITY(1,1) NOT NULL,
	[SUC_ID] [int] NULL,
	[ROL_NOM] [varchar](150) NULL,
	[FECH_CREA] [datetime] NULL,
	[EST] [int] NULL,
 CONSTRAINT [PK_TM_ROL] PRIMARY KEY CLUSTERED 
(
	[ROL_ID] ASC
)WITH (PAD_INDEX = OFF, STATISTICS_NORECOMPUTE = OFF, IGNORE_DUP_KEY = OFF, ALLOW_ROW_LOCKS = ON, ALLOW_PAGE_LOCKS = ON, OPTIMIZE_FOR_SEQUENTIAL_KEY = OFF) ON [PRIMARY]
) ON [PRIMARY]
GO
/****** Object:  Table [dbo].[TM_SUCURSAL]    Script Date: 25/11/2023 13:44:42 ******/
SET ANSI_NULLS ON
GO
SET QUOTED_IDENTIFIER ON
GO
CREATE TABLE [dbo].[TM_SUCURSAL](
	[SUC_ID] [int] IDENTITY(1,1) NOT NULL,
	[EMP_ID] [int] NULL,
	[SUC_NOM] [varchar](50) NULL,
	[FECH_CREA] [datetime] NULL,
	[EST] [int] NULL,
 CONSTRAINT [PK_TM_SUCURSAL] PRIMARY KEY CLUSTERED 
(
	[SUC_ID] ASC
)WITH (PAD_INDEX = OFF, STATISTICS_NORECOMPUTE = OFF, IGNORE_DUP_KEY = OFF, ALLOW_ROW_LOCKS = ON, ALLOW_PAGE_LOCKS = ON, OPTIMIZE_FOR_SEQUENTIAL_KEY = OFF) ON [PRIMARY]
) ON [PRIMARY]
GO
/****** Object:  Table [dbo].[TM_UNIDAD]    Script Date: 25/11/2023 13:44:42 ******/
SET ANSI_NULLS ON
GO
SET QUOTED_IDENTIFIER ON
GO
CREATE TABLE [dbo].[TM_UNIDAD](
	[UND_ID] [int] IDENTITY(1,1) NOT NULL,
	[SUC_ID] [int] NULL,
	[UND_NOM] [varchar](150) NULL,
	[FECH_CREA] [datetime] NULL,
	[EST] [int] NULL,
 CONSTRAINT [PK_TM_UNIDAD] PRIMARY KEY CLUSTERED 
(
	[UND_ID] ASC
)WITH (PAD_INDEX = OFF, STATISTICS_NORECOMPUTE = OFF, IGNORE_DUP_KEY = OFF, ALLOW_ROW_LOCKS = ON, ALLOW_PAGE_LOCKS = ON, OPTIMIZE_FOR_SEQUENTIAL_KEY = OFF) ON [PRIMARY]
) ON [PRIMARY]
GO
/****** Object:  Table [dbo].[TM_USUARIO]    Script Date: 25/11/2023 13:44:42 ******/
SET ANSI_NULLS ON
GO
SET QUOTED_IDENTIFIER ON
GO
CREATE TABLE [dbo].[TM_USUARIO](
	[USU_ID] [int] IDENTITY(1,1) NOT NULL,
	[SUC_ID] [int] NULL,
	[USU_CORREO] [varchar](150) NULL,
	[USU_NOM] [varchar](150) NULL,
	[USU_APE] [varchar](150) NULL,
	[USU_DNI] [varchar](50) NULL,
	[USU_TELF] [varchar](50) NULL,
	[USU_PASS] [varchar](50) NULL,
	[ROL_ID] [int] NULL,
	[USU_IMG] [varchar](max) NULL,
	[FECH_CREA] [datetime] NULL,
	[EST] [int] NULL,
 CONSTRAINT [PK_TM_USUARIO] PRIMARY KEY CLUSTERED 
(
	[USU_ID] ASC
)WITH (PAD_INDEX = OFF, STATISTICS_NORECOMPUTE = OFF, IGNORE_DUP_KEY = OFF, ALLOW_ROW_LOCKS = ON, ALLOW_PAGE_LOCKS = ON, OPTIMIZE_FOR_SEQUENTIAL_KEY = OFF) ON [PRIMARY]
) ON [PRIMARY] TEXTIMAGE_ON [PRIMARY]
GO
/****** Object:  Table [dbo].[TM_VENTA]    Script Date: 25/11/2023 13:44:42 ******/
SET ANSI_NULLS ON
GO
SET QUOTED_IDENTIFIER ON
GO
CREATE TABLE [dbo].[TM_VENTA](
	[VENT_ID] [int] IDENTITY(1,1) NOT NULL,
	[SUC_ID] [int] NULL,
	[PAG_ID] [int] NULL,
	[CLI_ID] [int] NULL,
	[CLI_RUC] [varchar](15) NULL,
	[CLI_DIRECC] [varchar](250) NULL,
	[CLI_CORREO] [varchar](250) NULL,
	[VENT_SUBTOTAL] [numeric](18, 2) NULL,
	[VENT_IGV] [numeric](18, 2) NULL,
	[VENT_TOTAL] [numeric](18, 2) NULL,
	[VENT_COMENT] [varchar](250) NULL,
	[USU_ID] [int] NULL,
	[MON_ID] [int] NULL,
	[DOC_ID] [int] NULL,
	[FECH_CREA] [datetime] NULL,
	[EST] [int] NULL,
 CONSTRAINT [PK_TM_VENTA] PRIMARY KEY CLUSTERED 
(
	[VENT_ID] ASC
)WITH (PAD_INDEX = OFF, STATISTICS_NORECOMPUTE = OFF, IGNORE_DUP_KEY = OFF, ALLOW_ROW_LOCKS = ON, ALLOW_PAGE_LOCKS = ON, OPTIMIZE_FOR_SEQUENTIAL_KEY = OFF) ON [PRIMARY]
) ON [PRIMARY]
GO
SET IDENTITY_INSERT [dbo].[TD_COMPRA_DETALLE] ON 
GO
INSERT [dbo].[TD_COMPRA_DETALLE] ([DETC_ID], [COMPR_ID], [PROD_ID], [PROD_PCOMPRA], [DETC_CANT], [DETC_TOTAL], [FECH_CREA], [EST]) VALUES (1, 1, 10, CAST(122.00 AS Numeric(18, 2)), 2, CAST(244.00 AS Numeric(18, 2)), CAST(N'2023-10-20T12:20:16.330' AS DateTime), 1)
GO
INSERT [dbo].[TD_COMPRA_DETALLE] ([DETC_ID], [COMPR_ID], [PROD_ID], [PROD_PCOMPRA], [DETC_CANT], [DETC_TOTAL], [FECH_CREA], [EST]) VALUES (2, 4, 19, CAST(122.00 AS Numeric(18, 2)), 2, CAST(244.00 AS Numeric(18, 2)), CAST(N'2023-10-20T12:39:05.050' AS DateTime), 1)
GO
INSERT [dbo].[TD_COMPRA_DETALLE] ([DETC_ID], [COMPR_ID], [PROD_ID], [PROD_PCOMPRA], [DETC_CANT], [DETC_TOTAL], [FECH_CREA], [EST]) VALUES (3, 4, 19, CAST(23.00 AS Numeric(18, 2)), 4, CAST(92.00 AS Numeric(18, 2)), CAST(N'2023-10-20T12:52:20.130' AS DateTime), 1)
GO
INSERT [dbo].[TD_COMPRA_DETALLE] ([DETC_ID], [COMPR_ID], [PROD_ID], [PROD_PCOMPRA], [DETC_CANT], [DETC_TOTAL], [FECH_CREA], [EST]) VALUES (4, 4, 19, CAST(1212.00 AS Numeric(18, 2)), 12, CAST(14544.00 AS Numeric(18, 2)), CAST(N'2023-10-20T12:52:24.737' AS DateTime), 1)
GO
INSERT [dbo].[TD_COMPRA_DETALLE] ([DETC_ID], [COMPR_ID], [PROD_ID], [PROD_PCOMPRA], [DETC_CANT], [DETC_TOTAL], [FECH_CREA], [EST]) VALUES (5, 6, 10, CAST(122.00 AS Numeric(18, 2)), 3, CAST(366.00 AS Numeric(18, 2)), CAST(N'2023-10-20T13:21:56.760' AS DateTime), 1)
GO
INSERT [dbo].[TD_COMPRA_DETALLE] ([DETC_ID], [COMPR_ID], [PROD_ID], [PROD_PCOMPRA], [DETC_CANT], [DETC_TOTAL], [FECH_CREA], [EST]) VALUES (6, 7, 15, CAST(122.00 AS Numeric(18, 2)), 234, CAST(28548.00 AS Numeric(18, 2)), CAST(N'2023-10-20T13:25:57.077' AS DateTime), 1)
GO
INSERT [dbo].[TD_COMPRA_DETALLE] ([DETC_ID], [COMPR_ID], [PROD_ID], [PROD_PCOMPRA], [DETC_CANT], [DETC_TOTAL], [FECH_CREA], [EST]) VALUES (7, 7, 15, CAST(12.00 AS Numeric(18, 2)), 232323, CAST(2787876.00 AS Numeric(18, 2)), CAST(N'2023-10-20T13:26:11.217' AS DateTime), 1)
GO
INSERT [dbo].[TD_COMPRA_DETALLE] ([DETC_ID], [COMPR_ID], [PROD_ID], [PROD_PCOMPRA], [DETC_CANT], [DETC_TOTAL], [FECH_CREA], [EST]) VALUES (8, 8, 2002, CAST(3.00 AS Numeric(18, 2)), 2, CAST(6.00 AS Numeric(18, 2)), CAST(N'2023-10-20T13:35:17.060' AS DateTime), 1)
GO
INSERT [dbo].[TD_COMPRA_DETALLE] ([DETC_ID], [COMPR_ID], [PROD_ID], [PROD_PCOMPRA], [DETC_CANT], [DETC_TOTAL], [FECH_CREA], [EST]) VALUES (1002, 1003, 11, CAST(122.00 AS Numeric(18, 2)), 2, CAST(244.00 AS Numeric(18, 2)), CAST(N'2023-10-24T10:32:29.253' AS DateTime), 1)
GO
INSERT [dbo].[TD_COMPRA_DETALLE] ([DETC_ID], [COMPR_ID], [PROD_ID], [PROD_PCOMPRA], [DETC_CANT], [DETC_TOTAL], [FECH_CREA], [EST]) VALUES (1003, 1013, 12, CAST(122.00 AS Numeric(18, 2)), 3, CAST(366.00 AS Numeric(18, 2)), CAST(N'2023-10-24T19:48:31.273' AS DateTime), 1)
GO
INSERT [dbo].[TD_COMPRA_DETALLE] ([DETC_ID], [COMPR_ID], [PROD_ID], [PROD_PCOMPRA], [DETC_CANT], [DETC_TOTAL], [FECH_CREA], [EST]) VALUES (1004, 1016, 12, CAST(122.00 AS Numeric(18, 2)), 34, CAST(4148.00 AS Numeric(18, 2)), CAST(N'2023-10-24T21:35:46.020' AS DateTime), 1)
GO
INSERT [dbo].[TD_COMPRA_DETALLE] ([DETC_ID], [COMPR_ID], [PROD_ID], [PROD_PCOMPRA], [DETC_CANT], [DETC_TOTAL], [FECH_CREA], [EST]) VALUES (1005, 1018, 11, CAST(122.00 AS Numeric(18, 2)), 34, CAST(4148.00 AS Numeric(18, 2)), CAST(N'2023-10-24T21:46:47.573' AS DateTime), 1)
GO
INSERT [dbo].[TD_COMPRA_DETALLE] ([DETC_ID], [COMPR_ID], [PROD_ID], [PROD_PCOMPRA], [DETC_CANT], [DETC_TOTAL], [FECH_CREA], [EST]) VALUES (1006, 1019, 11, CAST(122.00 AS Numeric(18, 2)), 23, CAST(2806.00 AS Numeric(18, 2)), CAST(N'2023-10-24T21:47:21.637' AS DateTime), 1)
GO
INSERT [dbo].[TD_COMPRA_DETALLE] ([DETC_ID], [COMPR_ID], [PROD_ID], [PROD_PCOMPRA], [DETC_CANT], [DETC_TOTAL], [FECH_CREA], [EST]) VALUES (1007, 1021, 11, CAST(122.00 AS Numeric(18, 2)), 21, CAST(2562.00 AS Numeric(18, 2)), CAST(N'2023-10-24T21:54:55.833' AS DateTime), 1)
GO
INSERT [dbo].[TD_COMPRA_DETALLE] ([DETC_ID], [COMPR_ID], [PROD_ID], [PROD_PCOMPRA], [DETC_CANT], [DETC_TOTAL], [FECH_CREA], [EST]) VALUES (1008, 1022, 10, CAST(122.00 AS Numeric(18, 2)), 2, CAST(244.00 AS Numeric(18, 2)), CAST(N'2023-10-24T21:57:31.230' AS DateTime), 1)
GO
INSERT [dbo].[TD_COMPRA_DETALLE] ([DETC_ID], [COMPR_ID], [PROD_ID], [PROD_PCOMPRA], [DETC_CANT], [DETC_TOTAL], [FECH_CREA], [EST]) VALUES (1009, 1025, 3005, CAST(12.00 AS Numeric(18, 2)), 2, CAST(24.00 AS Numeric(18, 2)), CAST(N'2023-10-25T09:18:01.050' AS DateTime), 1)
GO
INSERT [dbo].[TD_COMPRA_DETALLE] ([DETC_ID], [COMPR_ID], [PROD_ID], [PROD_PCOMPRA], [DETC_CANT], [DETC_TOTAL], [FECH_CREA], [EST]) VALUES (1010, 1, 10, CAST(122.00 AS Numeric(18, 2)), 1, CAST(122.00 AS Numeric(18, 2)), CAST(N'2023-10-25T09:29:41.717' AS DateTime), 1)
GO
INSERT [dbo].[TD_COMPRA_DETALLE] ([DETC_ID], [COMPR_ID], [PROD_ID], [PROD_PCOMPRA], [DETC_CANT], [DETC_TOTAL], [FECH_CREA], [EST]) VALUES (1011, 2, 3005, CAST(12.00 AS Numeric(18, 2)), 2, CAST(24.00 AS Numeric(18, 2)), CAST(N'2023-10-25T09:30:29.447' AS DateTime), 1)
GO
INSERT [dbo].[TD_COMPRA_DETALLE] ([DETC_ID], [COMPR_ID], [PROD_ID], [PROD_PCOMPRA], [DETC_CANT], [DETC_TOTAL], [FECH_CREA], [EST]) VALUES (1012, 4, 36, CAST(1.00 AS Numeric(18, 2)), 1, CAST(1.00 AS Numeric(18, 2)), CAST(N'2023-10-25T10:00:20.810' AS DateTime), 1)
GO
INSERT [dbo].[TD_COMPRA_DETALLE] ([DETC_ID], [COMPR_ID], [PROD_ID], [PROD_PCOMPRA], [DETC_CANT], [DETC_TOTAL], [FECH_CREA], [EST]) VALUES (1013, 6, 19, CAST(122.00 AS Numeric(18, 2)), 2, CAST(244.00 AS Numeric(18, 2)), CAST(N'2023-10-30T11:25:52.130' AS DateTime), 1)
GO
INSERT [dbo].[TD_COMPRA_DETALLE] ([DETC_ID], [COMPR_ID], [PROD_ID], [PROD_PCOMPRA], [DETC_CANT], [DETC_TOTAL], [FECH_CREA], [EST]) VALUES (1014, 7, 19, CAST(122.00 AS Numeric(18, 2)), 2, CAST(244.00 AS Numeric(18, 2)), CAST(N'2023-10-30T11:51:10.337' AS DateTime), 1)
GO
INSERT [dbo].[TD_COMPRA_DETALLE] ([DETC_ID], [COMPR_ID], [PROD_ID], [PROD_PCOMPRA], [DETC_CANT], [DETC_TOTAL], [FECH_CREA], [EST]) VALUES (1015, 8, 19, CAST(122.00 AS Numeric(18, 2)), 21, CAST(2562.00 AS Numeric(18, 2)), CAST(N'2023-10-30T11:52:32.723' AS DateTime), 1)
GO
SET IDENTITY_INSERT [dbo].[TD_COMPRA_DETALLE] OFF
GO
SET IDENTITY_INSERT [dbo].[TD_MENU] ON 
GO
INSERT [dbo].[TD_MENU] ([MEND_ID], [MEN_ID], [ROL_ID], [MEND_PERMI], [FECH_CREA], [EST]) VALUES (1, 1, 1, N'Si', CAST(N'2023-10-18T19:13:45.760' AS DateTime), 1)
GO
INSERT [dbo].[TD_MENU] ([MEND_ID], [MEN_ID], [ROL_ID], [MEND_PERMI], [FECH_CREA], [EST]) VALUES (2, 2, 1, N'Si', CAST(N'2023-10-18T19:13:45.760' AS DateTime), 1)
GO
INSERT [dbo].[TD_MENU] ([MEND_ID], [MEN_ID], [ROL_ID], [MEND_PERMI], [FECH_CREA], [EST]) VALUES (3, 3, 1, N'Si', CAST(N'2023-10-18T19:13:45.760' AS DateTime), 1)
GO
INSERT [dbo].[TD_MENU] ([MEND_ID], [MEN_ID], [ROL_ID], [MEND_PERMI], [FECH_CREA], [EST]) VALUES (4, 4, 1, N'Si', CAST(N'2023-10-18T19:13:45.760' AS DateTime), 1)
GO
INSERT [dbo].[TD_MENU] ([MEND_ID], [MEN_ID], [ROL_ID], [MEND_PERMI], [FECH_CREA], [EST]) VALUES (5, 5, 1, N'Si', CAST(N'2023-10-18T19:13:45.760' AS DateTime), 1)
GO
INSERT [dbo].[TD_MENU] ([MEND_ID], [MEN_ID], [ROL_ID], [MEND_PERMI], [FECH_CREA], [EST]) VALUES (6, 6, 1, N'Si', CAST(N'2023-10-18T19:13:45.760' AS DateTime), 1)
GO
INSERT [dbo].[TD_MENU] ([MEND_ID], [MEN_ID], [ROL_ID], [MEND_PERMI], [FECH_CREA], [EST]) VALUES (7, 7, 1, N'Si', CAST(N'2023-10-18T19:13:45.760' AS DateTime), 1)
GO
INSERT [dbo].[TD_MENU] ([MEND_ID], [MEN_ID], [ROL_ID], [MEND_PERMI], [FECH_CREA], [EST]) VALUES (8, 8, 1, N'Si', CAST(N'2023-10-18T19:13:45.760' AS DateTime), 1)
GO
INSERT [dbo].[TD_MENU] ([MEND_ID], [MEN_ID], [ROL_ID], [MEND_PERMI], [FECH_CREA], [EST]) VALUES (9, 9, 1, N'Si', CAST(N'2023-10-18T19:13:45.760' AS DateTime), 1)
GO
INSERT [dbo].[TD_MENU] ([MEND_ID], [MEN_ID], [ROL_ID], [MEND_PERMI], [FECH_CREA], [EST]) VALUES (10, 10, 1, N'Si', CAST(N'2023-10-18T19:13:45.760' AS DateTime), 1)
GO
INSERT [dbo].[TD_MENU] ([MEND_ID], [MEN_ID], [ROL_ID], [MEND_PERMI], [FECH_CREA], [EST]) VALUES (11, 11, 1, N'Si', CAST(N'2023-10-18T19:13:45.760' AS DateTime), 1)
GO
INSERT [dbo].[TD_MENU] ([MEND_ID], [MEN_ID], [ROL_ID], [MEND_PERMI], [FECH_CREA], [EST]) VALUES (13, 12, 1, N'Si', CAST(N'2023-10-18T19:13:45.760' AS DateTime), 1)
GO
INSERT [dbo].[TD_MENU] ([MEND_ID], [MEN_ID], [ROL_ID], [MEND_PERMI], [FECH_CREA], [EST]) VALUES (1002, 13, 1, N'Si', NULL, 1)
GO
INSERT [dbo].[TD_MENU] ([MEND_ID], [MEN_ID], [ROL_ID], [MEND_PERMI], [FECH_CREA], [EST]) VALUES (1003, 14, 1, N'Si', NULL, 1)
GO
INSERT [dbo].[TD_MENU] ([MEND_ID], [MEN_ID], [ROL_ID], [MEND_PERMI], [FECH_CREA], [EST]) VALUES (1004, 15, 1, N'Si', NULL, 1)
GO
INSERT [dbo].[TD_MENU] ([MEND_ID], [MEN_ID], [ROL_ID], [MEND_PERMI], [FECH_CREA], [EST]) VALUES (2003, 2, 2, N'Si', CAST(N'2023-10-24T20:47:15.507' AS DateTime), 1)
GO
INSERT [dbo].[TD_MENU] ([MEND_ID], [MEN_ID], [ROL_ID], [MEND_PERMI], [FECH_CREA], [EST]) VALUES (2004, NULL, 2, N'No', CAST(N'2023-10-24T20:47:15.507' AS DateTime), 1)
GO
INSERT [dbo].[TD_MENU] ([MEND_ID], [MEN_ID], [ROL_ID], [MEND_PERMI], [FECH_CREA], [EST]) VALUES (2005, NULL, 2, N'No', CAST(N'2023-10-24T20:47:15.507' AS DateTime), 1)
GO
INSERT [dbo].[TD_MENU] ([MEND_ID], [MEN_ID], [ROL_ID], [MEND_PERMI], [FECH_CREA], [EST]) VALUES (2006, NULL, 2, N'No', CAST(N'2023-10-24T20:47:15.507' AS DateTime), 1)
GO
INSERT [dbo].[TD_MENU] ([MEND_ID], [MEN_ID], [ROL_ID], [MEND_PERMI], [FECH_CREA], [EST]) VALUES (2007, NULL, 2, N'No', CAST(N'2023-10-24T20:47:15.507' AS DateTime), 1)
GO
INSERT [dbo].[TD_MENU] ([MEND_ID], [MEN_ID], [ROL_ID], [MEND_PERMI], [FECH_CREA], [EST]) VALUES (2008, NULL, 2, N'No', CAST(N'2023-10-24T20:47:15.507' AS DateTime), 1)
GO
INSERT [dbo].[TD_MENU] ([MEND_ID], [MEN_ID], [ROL_ID], [MEND_PERMI], [FECH_CREA], [EST]) VALUES (2009, NULL, 2, N'No', CAST(N'2023-10-24T20:47:15.507' AS DateTime), 1)
GO
INSERT [dbo].[TD_MENU] ([MEND_ID], [MEN_ID], [ROL_ID], [MEND_PERMI], [FECH_CREA], [EST]) VALUES (2010, NULL, 2, N'No', CAST(N'2023-10-24T20:47:15.507' AS DateTime), 1)
GO
INSERT [dbo].[TD_MENU] ([MEND_ID], [MEN_ID], [ROL_ID], [MEND_PERMI], [FECH_CREA], [EST]) VALUES (2011, NULL, 2, N'No', CAST(N'2023-10-24T20:47:15.507' AS DateTime), 1)
GO
INSERT [dbo].[TD_MENU] ([MEND_ID], [MEN_ID], [ROL_ID], [MEND_PERMI], [FECH_CREA], [EST]) VALUES (2012, NULL, 2, N'No', CAST(N'2023-10-24T20:47:15.507' AS DateTime), 1)
GO
INSERT [dbo].[TD_MENU] ([MEND_ID], [MEN_ID], [ROL_ID], [MEND_PERMI], [FECH_CREA], [EST]) VALUES (2013, NULL, 2, N'No', CAST(N'2023-10-24T20:47:15.507' AS DateTime), 1)
GO
INSERT [dbo].[TD_MENU] ([MEND_ID], [MEN_ID], [ROL_ID], [MEND_PERMI], [FECH_CREA], [EST]) VALUES (2014, NULL, 2, N'No', CAST(N'2023-10-24T20:47:15.507' AS DateTime), 1)
GO
INSERT [dbo].[TD_MENU] ([MEND_ID], [MEN_ID], [ROL_ID], [MEND_PERMI], [FECH_CREA], [EST]) VALUES (2015, NULL, 2, N'No', CAST(N'2023-10-24T20:47:15.507' AS DateTime), 1)
GO
INSERT [dbo].[TD_MENU] ([MEND_ID], [MEN_ID], [ROL_ID], [MEND_PERMI], [FECH_CREA], [EST]) VALUES (2016, NULL, 2, N'No', CAST(N'2023-10-24T20:47:15.507' AS DateTime), 1)
GO
INSERT [dbo].[TD_MENU] ([MEND_ID], [MEN_ID], [ROL_ID], [MEND_PERMI], [FECH_CREA], [EST]) VALUES (2017, NULL, 1002, N'No', CAST(N'2023-10-24T20:47:39.980' AS DateTime), 1)
GO
INSERT [dbo].[TD_MENU] ([MEND_ID], [MEN_ID], [ROL_ID], [MEND_PERMI], [FECH_CREA], [EST]) VALUES (2018, NULL, 1002, N'No', CAST(N'2023-10-24T20:47:39.980' AS DateTime), 1)
GO
INSERT [dbo].[TD_MENU] ([MEND_ID], [MEN_ID], [ROL_ID], [MEND_PERMI], [FECH_CREA], [EST]) VALUES (2019, NULL, 1002, N'No', CAST(N'2023-10-24T20:47:39.980' AS DateTime), 1)
GO
INSERT [dbo].[TD_MENU] ([MEND_ID], [MEN_ID], [ROL_ID], [MEND_PERMI], [FECH_CREA], [EST]) VALUES (2020, NULL, 1002, N'No', CAST(N'2023-10-24T20:47:39.980' AS DateTime), 1)
GO
INSERT [dbo].[TD_MENU] ([MEND_ID], [MEN_ID], [ROL_ID], [MEND_PERMI], [FECH_CREA], [EST]) VALUES (2021, NULL, 1002, N'No', CAST(N'2023-10-24T20:47:39.980' AS DateTime), 1)
GO
INSERT [dbo].[TD_MENU] ([MEND_ID], [MEN_ID], [ROL_ID], [MEND_PERMI], [FECH_CREA], [EST]) VALUES (2022, NULL, 1002, N'No', CAST(N'2023-10-24T20:47:39.980' AS DateTime), 1)
GO
INSERT [dbo].[TD_MENU] ([MEND_ID], [MEN_ID], [ROL_ID], [MEND_PERMI], [FECH_CREA], [EST]) VALUES (2023, NULL, 1002, N'No', CAST(N'2023-10-24T20:47:39.980' AS DateTime), 1)
GO
INSERT [dbo].[TD_MENU] ([MEND_ID], [MEN_ID], [ROL_ID], [MEND_PERMI], [FECH_CREA], [EST]) VALUES (2024, NULL, 1002, N'No', CAST(N'2023-10-24T20:47:39.980' AS DateTime), 1)
GO
INSERT [dbo].[TD_MENU] ([MEND_ID], [MEN_ID], [ROL_ID], [MEND_PERMI], [FECH_CREA], [EST]) VALUES (2025, NULL, 1002, N'No', CAST(N'2023-10-24T20:47:39.980' AS DateTime), 1)
GO
INSERT [dbo].[TD_MENU] ([MEND_ID], [MEN_ID], [ROL_ID], [MEND_PERMI], [FECH_CREA], [EST]) VALUES (2026, NULL, 1002, N'No', CAST(N'2023-10-24T20:47:39.980' AS DateTime), 1)
GO
INSERT [dbo].[TD_MENU] ([MEND_ID], [MEN_ID], [ROL_ID], [MEND_PERMI], [FECH_CREA], [EST]) VALUES (2027, NULL, 1002, N'No', CAST(N'2023-10-24T20:47:39.980' AS DateTime), 1)
GO
INSERT [dbo].[TD_MENU] ([MEND_ID], [MEN_ID], [ROL_ID], [MEND_PERMI], [FECH_CREA], [EST]) VALUES (2028, NULL, 1002, N'No', CAST(N'2023-10-24T20:47:39.980' AS DateTime), 1)
GO
INSERT [dbo].[TD_MENU] ([MEND_ID], [MEN_ID], [ROL_ID], [MEND_PERMI], [FECH_CREA], [EST]) VALUES (2029, NULL, 1002, N'No', CAST(N'2023-10-24T20:47:39.980' AS DateTime), 1)
GO
INSERT [dbo].[TD_MENU] ([MEND_ID], [MEN_ID], [ROL_ID], [MEND_PERMI], [FECH_CREA], [EST]) VALUES (2030, NULL, 1002, N'No', CAST(N'2023-10-24T20:47:39.980' AS DateTime), 1)
GO
INSERT [dbo].[TD_MENU] ([MEND_ID], [MEN_ID], [ROL_ID], [MEND_PERMI], [FECH_CREA], [EST]) VALUES (2031, NULL, 1002, N'No', CAST(N'2023-10-24T20:47:39.980' AS DateTime), 1)
GO
INSERT [dbo].[TD_MENU] ([MEND_ID], [MEN_ID], [ROL_ID], [MEND_PERMI], [FECH_CREA], [EST]) VALUES (2032, NULL, 1004, N'No', CAST(N'2023-10-24T20:47:42.327' AS DateTime), 1)
GO
INSERT [dbo].[TD_MENU] ([MEND_ID], [MEN_ID], [ROL_ID], [MEND_PERMI], [FECH_CREA], [EST]) VALUES (2033, NULL, 1004, N'No', CAST(N'2023-10-24T20:47:42.327' AS DateTime), 1)
GO
INSERT [dbo].[TD_MENU] ([MEND_ID], [MEN_ID], [ROL_ID], [MEND_PERMI], [FECH_CREA], [EST]) VALUES (2034, NULL, 1004, N'No', CAST(N'2023-10-24T20:47:42.327' AS DateTime), 1)
GO
INSERT [dbo].[TD_MENU] ([MEND_ID], [MEN_ID], [ROL_ID], [MEND_PERMI], [FECH_CREA], [EST]) VALUES (2035, NULL, 1004, N'No', CAST(N'2023-10-24T20:47:42.327' AS DateTime), 1)
GO
INSERT [dbo].[TD_MENU] ([MEND_ID], [MEN_ID], [ROL_ID], [MEND_PERMI], [FECH_CREA], [EST]) VALUES (2036, NULL, 1004, N'No', CAST(N'2023-10-24T20:47:42.327' AS DateTime), 1)
GO
INSERT [dbo].[TD_MENU] ([MEND_ID], [MEN_ID], [ROL_ID], [MEND_PERMI], [FECH_CREA], [EST]) VALUES (2037, NULL, 1004, N'No', CAST(N'2023-10-24T20:47:42.327' AS DateTime), 1)
GO
INSERT [dbo].[TD_MENU] ([MEND_ID], [MEN_ID], [ROL_ID], [MEND_PERMI], [FECH_CREA], [EST]) VALUES (2038, NULL, 1004, N'No', CAST(N'2023-10-24T20:47:42.327' AS DateTime), 1)
GO
INSERT [dbo].[TD_MENU] ([MEND_ID], [MEN_ID], [ROL_ID], [MEND_PERMI], [FECH_CREA], [EST]) VALUES (2039, NULL, 1004, N'No', CAST(N'2023-10-24T20:47:42.327' AS DateTime), 1)
GO
INSERT [dbo].[TD_MENU] ([MEND_ID], [MEN_ID], [ROL_ID], [MEND_PERMI], [FECH_CREA], [EST]) VALUES (2040, NULL, 1004, N'No', CAST(N'2023-10-24T20:47:42.327' AS DateTime), 1)
GO
INSERT [dbo].[TD_MENU] ([MEND_ID], [MEN_ID], [ROL_ID], [MEND_PERMI], [FECH_CREA], [EST]) VALUES (2041, NULL, 1004, N'No', CAST(N'2023-10-24T20:47:42.327' AS DateTime), 1)
GO
INSERT [dbo].[TD_MENU] ([MEND_ID], [MEN_ID], [ROL_ID], [MEND_PERMI], [FECH_CREA], [EST]) VALUES (2042, NULL, 1004, N'No', CAST(N'2023-10-24T20:47:42.327' AS DateTime), 1)
GO
INSERT [dbo].[TD_MENU] ([MEND_ID], [MEN_ID], [ROL_ID], [MEND_PERMI], [FECH_CREA], [EST]) VALUES (2043, NULL, 1004, N'No', CAST(N'2023-10-24T20:47:42.327' AS DateTime), 1)
GO
INSERT [dbo].[TD_MENU] ([MEND_ID], [MEN_ID], [ROL_ID], [MEND_PERMI], [FECH_CREA], [EST]) VALUES (2044, NULL, 1004, N'No', CAST(N'2023-10-24T20:47:42.327' AS DateTime), 1)
GO
INSERT [dbo].[TD_MENU] ([MEND_ID], [MEN_ID], [ROL_ID], [MEND_PERMI], [FECH_CREA], [EST]) VALUES (2045, NULL, 1004, N'No', CAST(N'2023-10-24T20:47:42.327' AS DateTime), 1)
GO
INSERT [dbo].[TD_MENU] ([MEND_ID], [MEN_ID], [ROL_ID], [MEND_PERMI], [FECH_CREA], [EST]) VALUES (2046, NULL, 1004, N'No', CAST(N'2023-10-24T20:47:42.327' AS DateTime), 1)
GO
INSERT [dbo].[TD_MENU] ([MEND_ID], [MEN_ID], [ROL_ID], [MEND_PERMI], [FECH_CREA], [EST]) VALUES (2047, 1, 3, N'No', CAST(N'2023-10-24T20:50:04.160' AS DateTime), 1)
GO
INSERT [dbo].[TD_MENU] ([MEND_ID], [MEN_ID], [ROL_ID], [MEND_PERMI], [FECH_CREA], [EST]) VALUES (2048, 2, 3, N'No', CAST(N'2023-10-24T20:50:04.160' AS DateTime), 1)
GO
INSERT [dbo].[TD_MENU] ([MEND_ID], [MEN_ID], [ROL_ID], [MEND_PERMI], [FECH_CREA], [EST]) VALUES (2049, 3, 3, N'No', CAST(N'2023-10-24T20:50:04.160' AS DateTime), 1)
GO
INSERT [dbo].[TD_MENU] ([MEND_ID], [MEN_ID], [ROL_ID], [MEND_PERMI], [FECH_CREA], [EST]) VALUES (2050, 4, 3, N'No', CAST(N'2023-10-24T20:50:04.160' AS DateTime), 1)
GO
INSERT [dbo].[TD_MENU] ([MEND_ID], [MEN_ID], [ROL_ID], [MEND_PERMI], [FECH_CREA], [EST]) VALUES (2051, 5, 3, N'No', CAST(N'2023-10-24T20:50:04.160' AS DateTime), 1)
GO
INSERT [dbo].[TD_MENU] ([MEND_ID], [MEN_ID], [ROL_ID], [MEND_PERMI], [FECH_CREA], [EST]) VALUES (2052, 6, 3, N'No', CAST(N'2023-10-24T20:50:04.160' AS DateTime), 1)
GO
INSERT [dbo].[TD_MENU] ([MEND_ID], [MEN_ID], [ROL_ID], [MEND_PERMI], [FECH_CREA], [EST]) VALUES (2053, 7, 3, N'No', CAST(N'2023-10-24T20:50:04.160' AS DateTime), 1)
GO
INSERT [dbo].[TD_MENU] ([MEND_ID], [MEN_ID], [ROL_ID], [MEND_PERMI], [FECH_CREA], [EST]) VALUES (2054, 8, 3, N'No', CAST(N'2023-10-24T20:50:04.160' AS DateTime), 1)
GO
INSERT [dbo].[TD_MENU] ([MEND_ID], [MEN_ID], [ROL_ID], [MEND_PERMI], [FECH_CREA], [EST]) VALUES (2055, 9, 3, N'No', CAST(N'2023-10-24T20:50:04.160' AS DateTime), 1)
GO
INSERT [dbo].[TD_MENU] ([MEND_ID], [MEN_ID], [ROL_ID], [MEND_PERMI], [FECH_CREA], [EST]) VALUES (2056, 10, 3, N'No', CAST(N'2023-10-24T20:50:04.160' AS DateTime), 1)
GO
INSERT [dbo].[TD_MENU] ([MEND_ID], [MEN_ID], [ROL_ID], [MEND_PERMI], [FECH_CREA], [EST]) VALUES (2057, 11, 3, N'No', CAST(N'2023-10-24T20:50:04.160' AS DateTime), 1)
GO
INSERT [dbo].[TD_MENU] ([MEND_ID], [MEN_ID], [ROL_ID], [MEND_PERMI], [FECH_CREA], [EST]) VALUES (2058, 12, 3, N'No', CAST(N'2023-10-24T20:50:04.160' AS DateTime), 1)
GO
INSERT [dbo].[TD_MENU] ([MEND_ID], [MEN_ID], [ROL_ID], [MEND_PERMI], [FECH_CREA], [EST]) VALUES (2059, 13, 3, N'No', CAST(N'2023-10-24T20:50:04.160' AS DateTime), 1)
GO
INSERT [dbo].[TD_MENU] ([MEND_ID], [MEN_ID], [ROL_ID], [MEND_PERMI], [FECH_CREA], [EST]) VALUES (2060, 14, 3, N'No', CAST(N'2023-10-24T20:50:04.160' AS DateTime), 1)
GO
INSERT [dbo].[TD_MENU] ([MEND_ID], [MEN_ID], [ROL_ID], [MEND_PERMI], [FECH_CREA], [EST]) VALUES (2061, 15, 3, N'No', CAST(N'2023-10-24T20:50:04.160' AS DateTime), 1)
GO
INSERT [dbo].[TD_MENU] ([MEND_ID], [MEN_ID], [ROL_ID], [MEND_PERMI], [FECH_CREA], [EST]) VALUES (2062, 1, 2002, N'Si', CAST(N'2023-10-24T20:53:48.480' AS DateTime), 1)
GO
INSERT [dbo].[TD_MENU] ([MEND_ID], [MEN_ID], [ROL_ID], [MEND_PERMI], [FECH_CREA], [EST]) VALUES (2063, 2, 2002, N'Si', CAST(N'2023-10-24T20:53:48.480' AS DateTime), 1)
GO
INSERT [dbo].[TD_MENU] ([MEND_ID], [MEN_ID], [ROL_ID], [MEND_PERMI], [FECH_CREA], [EST]) VALUES (2064, 3, 2002, N'Si', CAST(N'2023-10-24T20:53:48.480' AS DateTime), 1)
GO
INSERT [dbo].[TD_MENU] ([MEND_ID], [MEN_ID], [ROL_ID], [MEND_PERMI], [FECH_CREA], [EST]) VALUES (2065, 4, 2002, N'Si', CAST(N'2023-10-24T20:53:48.480' AS DateTime), 1)
GO
INSERT [dbo].[TD_MENU] ([MEND_ID], [MEN_ID], [ROL_ID], [MEND_PERMI], [FECH_CREA], [EST]) VALUES (2066, 5, 2002, N'Si', CAST(N'2023-10-24T20:53:48.480' AS DateTime), 1)
GO
INSERT [dbo].[TD_MENU] ([MEND_ID], [MEN_ID], [ROL_ID], [MEND_PERMI], [FECH_CREA], [EST]) VALUES (2067, 6, 2002, N'Si', CAST(N'2023-10-24T20:53:48.480' AS DateTime), 1)
GO
INSERT [dbo].[TD_MENU] ([MEND_ID], [MEN_ID], [ROL_ID], [MEND_PERMI], [FECH_CREA], [EST]) VALUES (2068, 7, 2002, N'Si', CAST(N'2023-10-24T20:53:48.480' AS DateTime), 1)
GO
INSERT [dbo].[TD_MENU] ([MEND_ID], [MEN_ID], [ROL_ID], [MEND_PERMI], [FECH_CREA], [EST]) VALUES (2069, 8, 2002, N'Si', CAST(N'2023-10-24T20:53:48.480' AS DateTime), 1)
GO
INSERT [dbo].[TD_MENU] ([MEND_ID], [MEN_ID], [ROL_ID], [MEND_PERMI], [FECH_CREA], [EST]) VALUES (2070, 9, 2002, N'Si', CAST(N'2023-10-24T20:53:48.480' AS DateTime), 1)
GO
INSERT [dbo].[TD_MENU] ([MEND_ID], [MEN_ID], [ROL_ID], [MEND_PERMI], [FECH_CREA], [EST]) VALUES (2071, 10, 2002, N'Si', CAST(N'2023-10-24T20:53:48.480' AS DateTime), 1)
GO
INSERT [dbo].[TD_MENU] ([MEND_ID], [MEN_ID], [ROL_ID], [MEND_PERMI], [FECH_CREA], [EST]) VALUES (2072, 11, 2002, N'Si', CAST(N'2023-10-24T20:53:48.480' AS DateTime), 1)
GO
INSERT [dbo].[TD_MENU] ([MEND_ID], [MEN_ID], [ROL_ID], [MEND_PERMI], [FECH_CREA], [EST]) VALUES (2073, 12, 2002, N'Si', CAST(N'2023-10-24T20:53:48.480' AS DateTime), 1)
GO
INSERT [dbo].[TD_MENU] ([MEND_ID], [MEN_ID], [ROL_ID], [MEND_PERMI], [FECH_CREA], [EST]) VALUES (2074, 13, 2002, N'Si', CAST(N'2023-10-24T20:53:48.480' AS DateTime), 1)
GO
INSERT [dbo].[TD_MENU] ([MEND_ID], [MEN_ID], [ROL_ID], [MEND_PERMI], [FECH_CREA], [EST]) VALUES (2075, 14, 2002, N'Si', CAST(N'2023-10-24T20:53:48.480' AS DateTime), 1)
GO
INSERT [dbo].[TD_MENU] ([MEND_ID], [MEN_ID], [ROL_ID], [MEND_PERMI], [FECH_CREA], [EST]) VALUES (2076, 15, 2002, N'Si', CAST(N'2023-10-24T20:53:48.480' AS DateTime), 1)
GO
INSERT [dbo].[TD_MENU] ([MEND_ID], [MEN_ID], [ROL_ID], [MEND_PERMI], [FECH_CREA], [EST]) VALUES (2077, 1, 2003, N'Si', CAST(N'2023-10-24T20:54:24.097' AS DateTime), 1)
GO
INSERT [dbo].[TD_MENU] ([MEND_ID], [MEN_ID], [ROL_ID], [MEND_PERMI], [FECH_CREA], [EST]) VALUES (2078, 2, 2003, N'Si', CAST(N'2023-10-24T20:54:24.097' AS DateTime), 1)
GO
INSERT [dbo].[TD_MENU] ([MEND_ID], [MEN_ID], [ROL_ID], [MEND_PERMI], [FECH_CREA], [EST]) VALUES (2079, 3, 2003, N'Si', CAST(N'2023-10-24T20:54:24.097' AS DateTime), 1)
GO
INSERT [dbo].[TD_MENU] ([MEND_ID], [MEN_ID], [ROL_ID], [MEND_PERMI], [FECH_CREA], [EST]) VALUES (2080, 4, 2003, N'Si', CAST(N'2023-10-24T20:54:24.097' AS DateTime), 1)
GO
INSERT [dbo].[TD_MENU] ([MEND_ID], [MEN_ID], [ROL_ID], [MEND_PERMI], [FECH_CREA], [EST]) VALUES (2081, 5, 2003, N'Si', CAST(N'2023-10-24T20:54:24.097' AS DateTime), 1)
GO
INSERT [dbo].[TD_MENU] ([MEND_ID], [MEN_ID], [ROL_ID], [MEND_PERMI], [FECH_CREA], [EST]) VALUES (2082, 6, 2003, N'Si', CAST(N'2023-10-24T20:54:24.097' AS DateTime), 1)
GO
INSERT [dbo].[TD_MENU] ([MEND_ID], [MEN_ID], [ROL_ID], [MEND_PERMI], [FECH_CREA], [EST]) VALUES (2083, 7, 2003, N'Si', CAST(N'2023-10-24T20:54:24.097' AS DateTime), 1)
GO
INSERT [dbo].[TD_MENU] ([MEND_ID], [MEN_ID], [ROL_ID], [MEND_PERMI], [FECH_CREA], [EST]) VALUES (2084, 8, 2003, N'Si', CAST(N'2023-10-24T20:54:24.097' AS DateTime), 1)
GO
INSERT [dbo].[TD_MENU] ([MEND_ID], [MEN_ID], [ROL_ID], [MEND_PERMI], [FECH_CREA], [EST]) VALUES (2085, 9, 2003, N'Si', CAST(N'2023-10-24T20:54:24.097' AS DateTime), 1)
GO
INSERT [dbo].[TD_MENU] ([MEND_ID], [MEN_ID], [ROL_ID], [MEND_PERMI], [FECH_CREA], [EST]) VALUES (2086, 10, 2003, N'Si', CAST(N'2023-10-24T20:54:24.097' AS DateTime), 1)
GO
INSERT [dbo].[TD_MENU] ([MEND_ID], [MEN_ID], [ROL_ID], [MEND_PERMI], [FECH_CREA], [EST]) VALUES (2087, 11, 2003, N'Si', CAST(N'2023-10-24T20:54:24.097' AS DateTime), 1)
GO
INSERT [dbo].[TD_MENU] ([MEND_ID], [MEN_ID], [ROL_ID], [MEND_PERMI], [FECH_CREA], [EST]) VALUES (2088, 12, 2003, N'Si', CAST(N'2023-10-24T20:54:24.097' AS DateTime), 1)
GO
INSERT [dbo].[TD_MENU] ([MEND_ID], [MEN_ID], [ROL_ID], [MEND_PERMI], [FECH_CREA], [EST]) VALUES (2089, 13, 2003, N'Si', CAST(N'2023-10-24T20:54:24.097' AS DateTime), 1)
GO
INSERT [dbo].[TD_MENU] ([MEND_ID], [MEN_ID], [ROL_ID], [MEND_PERMI], [FECH_CREA], [EST]) VALUES (2090, 14, 2003, N'Si', CAST(N'2023-10-24T20:54:24.097' AS DateTime), 1)
GO
INSERT [dbo].[TD_MENU] ([MEND_ID], [MEN_ID], [ROL_ID], [MEND_PERMI], [FECH_CREA], [EST]) VALUES (2091, 15, 2003, N'Si', CAST(N'2023-10-24T20:54:24.097' AS DateTime), 1)
GO
INSERT [dbo].[TD_MENU] ([MEND_ID], [MEN_ID], [ROL_ID], [MEND_PERMI], [FECH_CREA], [EST]) VALUES (2092, 1, 2004, N'No', CAST(N'2023-10-24T21:12:09.127' AS DateTime), 1)
GO
INSERT [dbo].[TD_MENU] ([MEND_ID], [MEN_ID], [ROL_ID], [MEND_PERMI], [FECH_CREA], [EST]) VALUES (2093, 2, 2004, N'No', CAST(N'2023-10-24T21:12:09.127' AS DateTime), 1)
GO
INSERT [dbo].[TD_MENU] ([MEND_ID], [MEN_ID], [ROL_ID], [MEND_PERMI], [FECH_CREA], [EST]) VALUES (2094, 3, 2004, N'No', CAST(N'2023-10-24T21:12:09.127' AS DateTime), 1)
GO
INSERT [dbo].[TD_MENU] ([MEND_ID], [MEN_ID], [ROL_ID], [MEND_PERMI], [FECH_CREA], [EST]) VALUES (2095, 4, 2004, N'No', CAST(N'2023-10-24T21:12:09.127' AS DateTime), 1)
GO
INSERT [dbo].[TD_MENU] ([MEND_ID], [MEN_ID], [ROL_ID], [MEND_PERMI], [FECH_CREA], [EST]) VALUES (2096, 5, 2004, N'No', CAST(N'2023-10-24T21:12:09.127' AS DateTime), 1)
GO
INSERT [dbo].[TD_MENU] ([MEND_ID], [MEN_ID], [ROL_ID], [MEND_PERMI], [FECH_CREA], [EST]) VALUES (2097, 6, 2004, N'No', CAST(N'2023-10-24T21:12:09.127' AS DateTime), 1)
GO
INSERT [dbo].[TD_MENU] ([MEND_ID], [MEN_ID], [ROL_ID], [MEND_PERMI], [FECH_CREA], [EST]) VALUES (2098, 7, 2004, N'No', CAST(N'2023-10-24T21:12:09.127' AS DateTime), 1)
GO
INSERT [dbo].[TD_MENU] ([MEND_ID], [MEN_ID], [ROL_ID], [MEND_PERMI], [FECH_CREA], [EST]) VALUES (2099, 8, 2004, N'No', CAST(N'2023-10-24T21:12:09.127' AS DateTime), 1)
GO
INSERT [dbo].[TD_MENU] ([MEND_ID], [MEN_ID], [ROL_ID], [MEND_PERMI], [FECH_CREA], [EST]) VALUES (2100, 9, 2004, N'No', CAST(N'2023-10-24T21:12:09.127' AS DateTime), 1)
GO
INSERT [dbo].[TD_MENU] ([MEND_ID], [MEN_ID], [ROL_ID], [MEND_PERMI], [FECH_CREA], [EST]) VALUES (2101, 10, 2004, N'No', CAST(N'2023-10-24T21:12:09.127' AS DateTime), 1)
GO
INSERT [dbo].[TD_MENU] ([MEND_ID], [MEN_ID], [ROL_ID], [MEND_PERMI], [FECH_CREA], [EST]) VALUES (2102, 11, 2004, N'No', CAST(N'2023-10-24T21:12:09.127' AS DateTime), 1)
GO
INSERT [dbo].[TD_MENU] ([MEND_ID], [MEN_ID], [ROL_ID], [MEND_PERMI], [FECH_CREA], [EST]) VALUES (2103, 12, 2004, N'No', CAST(N'2023-10-24T21:12:09.127' AS DateTime), 1)
GO
INSERT [dbo].[TD_MENU] ([MEND_ID], [MEN_ID], [ROL_ID], [MEND_PERMI], [FECH_CREA], [EST]) VALUES (2104, 13, 2004, N'No', CAST(N'2023-10-24T21:12:09.127' AS DateTime), 1)
GO
INSERT [dbo].[TD_MENU] ([MEND_ID], [MEN_ID], [ROL_ID], [MEND_PERMI], [FECH_CREA], [EST]) VALUES (2105, 14, 2004, N'No', CAST(N'2023-10-24T21:12:09.127' AS DateTime), 1)
GO
INSERT [dbo].[TD_MENU] ([MEND_ID], [MEN_ID], [ROL_ID], [MEND_PERMI], [FECH_CREA], [EST]) VALUES (2106, 15, 2004, N'No', CAST(N'2023-10-24T21:12:09.127' AS DateTime), 1)
GO
INSERT [dbo].[TD_MENU] ([MEND_ID], [MEN_ID], [ROL_ID], [MEND_PERMI], [FECH_CREA], [EST]) VALUES (2107, 1, 2005, N'No', CAST(N'2023-10-24T21:12:23.277' AS DateTime), 1)
GO
INSERT [dbo].[TD_MENU] ([MEND_ID], [MEN_ID], [ROL_ID], [MEND_PERMI], [FECH_CREA], [EST]) VALUES (2108, 2, 2005, N'No', CAST(N'2023-10-24T21:12:23.277' AS DateTime), 1)
GO
INSERT [dbo].[TD_MENU] ([MEND_ID], [MEN_ID], [ROL_ID], [MEND_PERMI], [FECH_CREA], [EST]) VALUES (2109, 3, 2005, N'No', CAST(N'2023-10-24T21:12:23.277' AS DateTime), 1)
GO
INSERT [dbo].[TD_MENU] ([MEND_ID], [MEN_ID], [ROL_ID], [MEND_PERMI], [FECH_CREA], [EST]) VALUES (2110, 4, 2005, N'No', CAST(N'2023-10-24T21:12:23.277' AS DateTime), 1)
GO
INSERT [dbo].[TD_MENU] ([MEND_ID], [MEN_ID], [ROL_ID], [MEND_PERMI], [FECH_CREA], [EST]) VALUES (2111, 5, 2005, N'No', CAST(N'2023-10-24T21:12:23.277' AS DateTime), 1)
GO
INSERT [dbo].[TD_MENU] ([MEND_ID], [MEN_ID], [ROL_ID], [MEND_PERMI], [FECH_CREA], [EST]) VALUES (2112, 6, 2005, N'No', CAST(N'2023-10-24T21:12:23.277' AS DateTime), 1)
GO
INSERT [dbo].[TD_MENU] ([MEND_ID], [MEN_ID], [ROL_ID], [MEND_PERMI], [FECH_CREA], [EST]) VALUES (2113, 7, 2005, N'No', CAST(N'2023-10-24T21:12:23.277' AS DateTime), 1)
GO
INSERT [dbo].[TD_MENU] ([MEND_ID], [MEN_ID], [ROL_ID], [MEND_PERMI], [FECH_CREA], [EST]) VALUES (2114, 8, 2005, N'No', CAST(N'2023-10-24T21:12:23.277' AS DateTime), 1)
GO
INSERT [dbo].[TD_MENU] ([MEND_ID], [MEN_ID], [ROL_ID], [MEND_PERMI], [FECH_CREA], [EST]) VALUES (2115, 9, 2005, N'No', CAST(N'2023-10-24T21:12:23.277' AS DateTime), 1)
GO
INSERT [dbo].[TD_MENU] ([MEND_ID], [MEN_ID], [ROL_ID], [MEND_PERMI], [FECH_CREA], [EST]) VALUES (2116, 10, 2005, N'No', CAST(N'2023-10-24T21:12:23.277' AS DateTime), 1)
GO
INSERT [dbo].[TD_MENU] ([MEND_ID], [MEN_ID], [ROL_ID], [MEND_PERMI], [FECH_CREA], [EST]) VALUES (2117, 11, 2005, N'No', CAST(N'2023-10-24T21:12:23.277' AS DateTime), 1)
GO
INSERT [dbo].[TD_MENU] ([MEND_ID], [MEN_ID], [ROL_ID], [MEND_PERMI], [FECH_CREA], [EST]) VALUES (2118, 12, 2005, N'Si', CAST(N'2023-10-24T21:12:23.277' AS DateTime), 1)
GO
INSERT [dbo].[TD_MENU] ([MEND_ID], [MEN_ID], [ROL_ID], [MEND_PERMI], [FECH_CREA], [EST]) VALUES (2119, 13, 2005, N'No', CAST(N'2023-10-24T21:12:23.277' AS DateTime), 1)
GO
INSERT [dbo].[TD_MENU] ([MEND_ID], [MEN_ID], [ROL_ID], [MEND_PERMI], [FECH_CREA], [EST]) VALUES (2120, 14, 2005, N'Si', CAST(N'2023-10-24T21:12:23.277' AS DateTime), 1)
GO
INSERT [dbo].[TD_MENU] ([MEND_ID], [MEN_ID], [ROL_ID], [MEND_PERMI], [FECH_CREA], [EST]) VALUES (2121, 15, 2005, N'No', CAST(N'2023-10-24T21:12:23.277' AS DateTime), 1)
GO
INSERT [dbo].[TD_MENU] ([MEND_ID], [MEN_ID], [ROL_ID], [MEND_PERMI], [FECH_CREA], [EST]) VALUES (2122, 1, 1003, N'Si', CAST(N'2023-10-25T12:41:53.220' AS DateTime), 1)
GO
INSERT [dbo].[TD_MENU] ([MEND_ID], [MEN_ID], [ROL_ID], [MEND_PERMI], [FECH_CREA], [EST]) VALUES (2123, 2, 1003, N'Si', CAST(N'2023-10-25T12:41:53.220' AS DateTime), 1)
GO
INSERT [dbo].[TD_MENU] ([MEND_ID], [MEN_ID], [ROL_ID], [MEND_PERMI], [FECH_CREA], [EST]) VALUES (2124, 3, 1003, N'Si', CAST(N'2023-10-25T12:41:53.220' AS DateTime), 1)
GO
INSERT [dbo].[TD_MENU] ([MEND_ID], [MEN_ID], [ROL_ID], [MEND_PERMI], [FECH_CREA], [EST]) VALUES (2125, 4, 1003, N'Si', CAST(N'2023-10-25T12:41:53.220' AS DateTime), 1)
GO
INSERT [dbo].[TD_MENU] ([MEND_ID], [MEN_ID], [ROL_ID], [MEND_PERMI], [FECH_CREA], [EST]) VALUES (2126, 5, 1003, N'Si', CAST(N'2023-10-25T12:41:53.220' AS DateTime), 1)
GO
INSERT [dbo].[TD_MENU] ([MEND_ID], [MEN_ID], [ROL_ID], [MEND_PERMI], [FECH_CREA], [EST]) VALUES (2127, 6, 1003, N'Si', CAST(N'2023-10-25T12:41:53.220' AS DateTime), 1)
GO
INSERT [dbo].[TD_MENU] ([MEND_ID], [MEN_ID], [ROL_ID], [MEND_PERMI], [FECH_CREA], [EST]) VALUES (2128, 7, 1003, N'Si', CAST(N'2023-10-25T12:41:53.220' AS DateTime), 1)
GO
INSERT [dbo].[TD_MENU] ([MEND_ID], [MEN_ID], [ROL_ID], [MEND_PERMI], [FECH_CREA], [EST]) VALUES (2129, 8, 1003, N'Si', CAST(N'2023-10-25T12:41:53.220' AS DateTime), 1)
GO
INSERT [dbo].[TD_MENU] ([MEND_ID], [MEN_ID], [ROL_ID], [MEND_PERMI], [FECH_CREA], [EST]) VALUES (2130, 9, 1003, N'Si', CAST(N'2023-10-25T12:41:53.220' AS DateTime), 1)
GO
INSERT [dbo].[TD_MENU] ([MEND_ID], [MEN_ID], [ROL_ID], [MEND_PERMI], [FECH_CREA], [EST]) VALUES (2131, 10, 1003, N'Si', CAST(N'2023-10-25T12:41:53.220' AS DateTime), 1)
GO
INSERT [dbo].[TD_MENU] ([MEND_ID], [MEN_ID], [ROL_ID], [MEND_PERMI], [FECH_CREA], [EST]) VALUES (2132, 11, 1003, N'Si', CAST(N'2023-10-25T12:41:53.220' AS DateTime), 1)
GO
INSERT [dbo].[TD_MENU] ([MEND_ID], [MEN_ID], [ROL_ID], [MEND_PERMI], [FECH_CREA], [EST]) VALUES (2133, 12, 1003, N'Si', CAST(N'2023-10-25T12:41:53.220' AS DateTime), 1)
GO
INSERT [dbo].[TD_MENU] ([MEND_ID], [MEN_ID], [ROL_ID], [MEND_PERMI], [FECH_CREA], [EST]) VALUES (2134, 13, 1003, N'Si', CAST(N'2023-10-25T12:41:53.220' AS DateTime), 1)
GO
INSERT [dbo].[TD_MENU] ([MEND_ID], [MEN_ID], [ROL_ID], [MEND_PERMI], [FECH_CREA], [EST]) VALUES (2135, 14, 1003, N'Si', CAST(N'2023-10-25T12:41:53.220' AS DateTime), 1)
GO
INSERT [dbo].[TD_MENU] ([MEND_ID], [MEN_ID], [ROL_ID], [MEND_PERMI], [FECH_CREA], [EST]) VALUES (2136, 15, 1003, N'Si', CAST(N'2023-10-25T12:41:53.220' AS DateTime), 1)
GO
SET IDENTITY_INSERT [dbo].[TD_MENU] OFF
GO
SET IDENTITY_INSERT [dbo].[TD_VENTA_DETALLE] ON 
GO
INSERT [dbo].[TD_VENTA_DETALLE] ([DETV_ID], [VENT_ID], [PROD_ID], [PROD_PVENTA], [DETV_CANT], [DETV_TOTAL], [FECH_CREA], [EST]) VALUES (1, 9, 10, CAST(12.00 AS Numeric(18, 2)), 3, CAST(36.00 AS Numeric(18, 2)), CAST(N'2023-10-24T15:01:00.027' AS DateTime), 1)
GO
INSERT [dbo].[TD_VENTA_DETALLE] ([DETV_ID], [VENT_ID], [PROD_ID], [PROD_PVENTA], [DETV_CANT], [DETV_TOTAL], [FECH_CREA], [EST]) VALUES (2, 1, 10, CAST(12.00 AS Numeric(18, 2)), 5, CAST(60.00 AS Numeric(18, 2)), CAST(N'2023-10-24T15:02:43.113' AS DateTime), 1)
GO
INSERT [dbo].[TD_VENTA_DETALLE] ([DETV_ID], [VENT_ID], [PROD_ID], [PROD_PVENTA], [DETV_CANT], [DETV_TOTAL], [FECH_CREA], [EST]) VALUES (3, 2, 10, CAST(12.00 AS Numeric(18, 2)), 56, CAST(672.00 AS Numeric(18, 2)), CAST(N'2023-10-24T15:08:52.483' AS DateTime), 1)
GO
INSERT [dbo].[TD_VENTA_DETALLE] ([DETV_ID], [VENT_ID], [PROD_ID], [PROD_PVENTA], [DETV_CANT], [DETV_TOTAL], [FECH_CREA], [EST]) VALUES (4, 4, 3002, CAST(4.00 AS Numeric(18, 2)), 50, CAST(200.00 AS Numeric(18, 2)), CAST(N'2023-10-24T15:13:19.640' AS DateTime), 1)
GO
INSERT [dbo].[TD_VENTA_DETALLE] ([DETV_ID], [VENT_ID], [PROD_ID], [PROD_PVENTA], [DETV_CANT], [DETV_TOTAL], [FECH_CREA], [EST]) VALUES (5, 5, 3002, CAST(4.00 AS Numeric(18, 2)), 60, CAST(240.00 AS Numeric(18, 2)), CAST(N'2023-10-24T15:13:54.950' AS DateTime), 1)
GO
INSERT [dbo].[TD_VENTA_DETALLE] ([DETV_ID], [VENT_ID], [PROD_ID], [PROD_PVENTA], [DETV_CANT], [DETV_TOTAL], [FECH_CREA], [EST]) VALUES (6, 8, 3002, CAST(4.00 AS Numeric(18, 2)), 4, CAST(16.00 AS Numeric(18, 2)), CAST(N'2023-10-24T18:16:37.020' AS DateTime), 1)
GO
INSERT [dbo].[TD_VENTA_DETALLE] ([DETV_ID], [VENT_ID], [PROD_ID], [PROD_PVENTA], [DETV_CANT], [DETV_TOTAL], [FECH_CREA], [EST]) VALUES (7, 11, 10, CAST(12.00 AS Numeric(18, 2)), 2, CAST(24.00 AS Numeric(18, 2)), CAST(N'2023-10-24T18:18:49.227' AS DateTime), 1)
GO
INSERT [dbo].[TD_VENTA_DETALLE] ([DETV_ID], [VENT_ID], [PROD_ID], [PROD_PVENTA], [DETV_CANT], [DETV_TOTAL], [FECH_CREA], [EST]) VALUES (8, 16, 17, CAST(12.00 AS Numeric(18, 2)), 4, CAST(48.00 AS Numeric(18, 2)), CAST(N'2023-10-24T19:44:10.193' AS DateTime), 1)
GO
INSERT [dbo].[TD_VENTA_DETALLE] ([DETV_ID], [VENT_ID], [PROD_ID], [PROD_PVENTA], [DETV_CANT], [DETV_TOTAL], [FECH_CREA], [EST]) VALUES (9, 22, 20, CAST(12.00 AS Numeric(18, 2)), 21, CAST(252.00 AS Numeric(18, 2)), CAST(N'2023-10-24T21:49:07.837' AS DateTime), 1)
GO
INSERT [dbo].[TD_VENTA_DETALLE] ([DETV_ID], [VENT_ID], [PROD_ID], [PROD_PVENTA], [DETV_CANT], [DETV_TOTAL], [FECH_CREA], [EST]) VALUES (10, 23, 10, CAST(12.00 AS Numeric(18, 2)), 2, CAST(24.00 AS Numeric(18, 2)), CAST(N'2023-10-24T21:58:57.310' AS DateTime), 1)
GO
INSERT [dbo].[TD_VENTA_DETALLE] ([DETV_ID], [VENT_ID], [PROD_ID], [PROD_PVENTA], [DETV_CANT], [DETV_TOTAL], [FECH_CREA], [EST]) VALUES (11, 23, 10, CAST(123.00 AS Numeric(18, 2)), 231, CAST(28413.00 AS Numeric(18, 2)), CAST(N'2023-10-24T21:59:04.440' AS DateTime), 1)
GO
INSERT [dbo].[TD_VENTA_DETALLE] ([DETV_ID], [VENT_ID], [PROD_ID], [PROD_PVENTA], [DETV_CANT], [DETV_TOTAL], [FECH_CREA], [EST]) VALUES (12, 23, 12, CAST(12.00 AS Numeric(18, 2)), 23, CAST(276.00 AS Numeric(18, 2)), CAST(N'2023-10-24T21:59:08.410' AS DateTime), 1)
GO
INSERT [dbo].[TD_VENTA_DETALLE] ([DETV_ID], [VENT_ID], [PROD_ID], [PROD_PVENTA], [DETV_CANT], [DETV_TOTAL], [FECH_CREA], [EST]) VALUES (13, 24, 20, CAST(12.00 AS Numeric(18, 2)), 3, CAST(36.00 AS Numeric(18, 2)), CAST(N'2023-10-25T00:12:40.807' AS DateTime), 1)
GO
INSERT [dbo].[TD_VENTA_DETALLE] ([DETV_ID], [VENT_ID], [PROD_ID], [PROD_PVENTA], [DETV_CANT], [DETV_TOTAL], [FECH_CREA], [EST]) VALUES (14, 25, 20, CAST(12.00 AS Numeric(18, 2)), 3, CAST(36.00 AS Numeric(18, 2)), CAST(N'2023-10-25T09:37:02.407' AS DateTime), 1)
GO
INSERT [dbo].[TD_VENTA_DETALLE] ([DETV_ID], [VENT_ID], [PROD_ID], [PROD_PVENTA], [DETV_CANT], [DETV_TOTAL], [FECH_CREA], [EST]) VALUES (15, 25, 19, CAST(12.00 AS Numeric(18, 2)), 2, CAST(24.00 AS Numeric(18, 2)), CAST(N'2023-10-25T09:37:41.450' AS DateTime), 1)
GO
INSERT [dbo].[TD_VENTA_DETALLE] ([DETV_ID], [VENT_ID], [PROD_ID], [PROD_PVENTA], [DETV_CANT], [DETV_TOTAL], [FECH_CREA], [EST]) VALUES (16, 1, 10, CAST(12.00 AS Numeric(18, 2)), 1, CAST(12.00 AS Numeric(18, 2)), CAST(N'2023-10-25T11:22:27.187' AS DateTime), 1)
GO
INSERT [dbo].[TD_VENTA_DETALLE] ([DETV_ID], [VENT_ID], [PROD_ID], [PROD_PVENTA], [DETV_CANT], [DETV_TOTAL], [FECH_CREA], [EST]) VALUES (17, 4, 3006, CAST(12.00 AS Numeric(18, 2)), 2, CAST(24.00 AS Numeric(18, 2)), CAST(N'2023-10-25T12:43:44.980' AS DateTime), 1)
GO
INSERT [dbo].[TD_VENTA_DETALLE] ([DETV_ID], [VENT_ID], [PROD_ID], [PROD_PVENTA], [DETV_CANT], [DETV_TOTAL], [FECH_CREA], [EST]) VALUES (18, 4, 3006, CAST(2.00 AS Numeric(18, 2)), 2, CAST(4.00 AS Numeric(18, 2)), CAST(N'2023-10-25T12:43:51.943' AS DateTime), 1)
GO
INSERT [dbo].[TD_VENTA_DETALLE] ([DETV_ID], [VENT_ID], [PROD_ID], [PROD_PVENTA], [DETV_CANT], [DETV_TOTAL], [FECH_CREA], [EST]) VALUES (19, 6, 3008, CAST(123.00 AS Numeric(18, 2)), 21, CAST(2583.00 AS Numeric(18, 2)), CAST(N'2023-10-25T12:57:48.340' AS DateTime), 1)
GO
INSERT [dbo].[TD_VENTA_DETALLE] ([DETV_ID], [VENT_ID], [PROD_ID], [PROD_PVENTA], [DETV_CANT], [DETV_TOTAL], [FECH_CREA], [EST]) VALUES (20, 8, 10, CAST(12.00 AS Numeric(18, 2)), 4, CAST(48.00 AS Numeric(18, 2)), CAST(N'2023-11-12T20:36:24.683' AS DateTime), 1)
GO
INSERT [dbo].[TD_VENTA_DETALLE] ([DETV_ID], [VENT_ID], [PROD_ID], [PROD_PVENTA], [DETV_CANT], [DETV_TOTAL], [FECH_CREA], [EST]) VALUES (21, 9, 17, CAST(12.00 AS Numeric(18, 2)), 2, CAST(24.00 AS Numeric(18, 2)), CAST(N'2023-11-12T20:38:38.153' AS DateTime), 1)
GO
INSERT [dbo].[TD_VENTA_DETALLE] ([DETV_ID], [VENT_ID], [PROD_ID], [PROD_PVENTA], [DETV_CANT], [DETV_TOTAL], [FECH_CREA], [EST]) VALUES (22, 10, 10, CAST(12.00 AS Numeric(18, 2)), 2, CAST(24.00 AS Numeric(18, 2)), CAST(N'2023-11-12T21:22:45.243' AS DateTime), 1)
GO
INSERT [dbo].[TD_VENTA_DETALLE] ([DETV_ID], [VENT_ID], [PROD_ID], [PROD_PVENTA], [DETV_CANT], [DETV_TOTAL], [FECH_CREA], [EST]) VALUES (1021, 1009, 10, CAST(12.00 AS Numeric(18, 2)), 23, CAST(276.00 AS Numeric(18, 2)), CAST(N'2023-11-13T16:07:16.460' AS DateTime), 1)
GO
INSERT [dbo].[TD_VENTA_DETALLE] ([DETV_ID], [VENT_ID], [PROD_ID], [PROD_PVENTA], [DETV_CANT], [DETV_TOTAL], [FECH_CREA], [EST]) VALUES (1022, 1009, 10, CAST(2.00 AS Numeric(18, 2)), 2, CAST(4.00 AS Numeric(18, 2)), CAST(N'2023-11-13T16:07:24.903' AS DateTime), 1)
GO
INSERT [dbo].[TD_VENTA_DETALLE] ([DETV_ID], [VENT_ID], [PROD_ID], [PROD_PVENTA], [DETV_CANT], [DETV_TOTAL], [FECH_CREA], [EST]) VALUES (1023, 1011, 11, CAST(12.00 AS Numeric(18, 2)), 2, CAST(24.00 AS Numeric(18, 2)), CAST(N'2023-11-14T12:02:00.523' AS DateTime), 1)
GO
INSERT [dbo].[TD_VENTA_DETALLE] ([DETV_ID], [VENT_ID], [PROD_ID], [PROD_PVENTA], [DETV_CANT], [DETV_TOTAL], [FECH_CREA], [EST]) VALUES (1024, 1014, 11, CAST(12.00 AS Numeric(18, 2)), 2, CAST(24.00 AS Numeric(18, 2)), CAST(N'2023-11-22T19:39:14.420' AS DateTime), 1)
GO
SET IDENTITY_INSERT [dbo].[TD_VENTA_DETALLE] OFF
GO
SET IDENTITY_INSERT [dbo].[TM_CATEGORIA] ON 
GO
INSERT [dbo].[TM_CATEGORIA] ([CAT_ID], [SUC_ID], [CAT_NOM], [FECH_CREA], [EST]) VALUES (1, 1, N'acsesorios', CAST(N'2023-09-20T17:23:23.833' AS DateTime), 1)
GO
INSERT [dbo].[TM_CATEGORIA] ([CAT_ID], [SUC_ID], [CAT_NOM], [FECH_CREA], [EST]) VALUES (2, 1, N'MANTENIMIENTO', CAST(N'2023-09-20T17:23:23.833' AS DateTime), 1)
GO
INSERT [dbo].[TM_CATEGORIA] ([CAT_ID], [SUC_ID], [CAT_NOM], [FECH_CREA], [EST]) VALUES (3, 1, N'AIRE ACONDICIONADO', CAST(N'2023-09-20T17:23:23.833' AS DateTime), 1)
GO
INSERT [dbo].[TM_CATEGORIA] ([CAT_ID], [SUC_ID], [CAT_NOM], [FECH_CREA], [EST]) VALUES (4, 1, N'RADIOS', CAST(N'2023-09-20T17:23:23.833' AS DateTime), 1)
GO
INSERT [dbo].[TM_CATEGORIA] ([CAT_ID], [SUC_ID], [CAT_NOM], [FECH_CREA], [EST]) VALUES (5, 1, N'MOTORES MENORES', CAST(N'2023-09-20T17:23:23.833' AS DateTime), 1)
GO
INSERT [dbo].[TM_CATEGORIA] ([CAT_ID], [SUC_ID], [CAT_NOM], [FECH_CREA], [EST]) VALUES (6, 2, N'awd', CAST(N'2023-09-20T17:23:23.833' AS DateTime), 1)
GO
INSERT [dbo].[TM_CATEGORIA] ([CAT_ID], [SUC_ID], [CAT_NOM], [FECH_CREA], [EST]) VALUES (7, 2, N'awd', CAST(N'2023-09-20T17:23:23.833' AS DateTime), 1)
GO
INSERT [dbo].[TM_CATEGORIA] ([CAT_ID], [SUC_ID], [CAT_NOM], [FECH_CREA], [EST]) VALUES (8, 2, N'awd', CAST(N'2023-09-20T17:23:23.833' AS DateTime), 1)
GO
INSERT [dbo].[TM_CATEGORIA] ([CAT_ID], [SUC_ID], [CAT_NOM], [FECH_CREA], [EST]) VALUES (9, 2, N'awd', CAST(N'2023-09-20T17:23:23.833' AS DateTime), 1)
GO
INSERT [dbo].[TM_CATEGORIA] ([CAT_ID], [SUC_ID], [CAT_NOM], [FECH_CREA], [EST]) VALUES (10, 2, N'awd', CAST(N'2023-09-20T17:23:23.833' AS DateTime), 1)
GO
INSERT [dbo].[TM_CATEGORIA] ([CAT_ID], [SUC_ID], [CAT_NOM], [FECH_CREA], [EST]) VALUES (11, 2, N'awd', CAST(N'2023-09-20T17:23:23.833' AS DateTime), 1)
GO
INSERT [dbo].[TM_CATEGORIA] ([CAT_ID], [SUC_ID], [CAT_NOM], [FECH_CREA], [EST]) VALUES (12, 3, N'awdegs', CAST(N'2023-09-20T17:23:23.833' AS DateTime), 1)
GO
INSERT [dbo].[TM_CATEGORIA] ([CAT_ID], [SUC_ID], [CAT_NOM], [FECH_CREA], [EST]) VALUES (13, 3, N'fsese', CAST(N'2023-09-20T17:23:23.833' AS DateTime), 1)
GO
INSERT [dbo].[TM_CATEGORIA] ([CAT_ID], [SUC_ID], [CAT_NOM], [FECH_CREA], [EST]) VALUES (14, 3, N'fsefsef', CAST(N'2023-09-20T17:23:23.833' AS DateTime), 1)
GO
INSERT [dbo].[TM_CATEGORIA] ([CAT_ID], [SUC_ID], [CAT_NOM], [FECH_CREA], [EST]) VALUES (15, 4, N'sefsegse', CAST(N'2023-09-20T17:23:23.833' AS DateTime), 1)
GO
INSERT [dbo].[TM_CATEGORIA] ([CAT_ID], [SUC_ID], [CAT_NOM], [FECH_CREA], [EST]) VALUES (16, 4, N'gegsg', CAST(N'2023-09-20T17:23:23.833' AS DateTime), 1)
GO
INSERT [dbo].[TM_CATEGORIA] ([CAT_ID], [SUC_ID], [CAT_NOM], [FECH_CREA], [EST]) VALUES (17, 4, N'sehgfjfj', CAST(N'2023-09-20T17:23:23.833' AS DateTime), 1)
GO
INSERT [dbo].[TM_CATEGORIA] ([CAT_ID], [SUC_ID], [CAT_NOM], [FECH_CREA], [EST]) VALUES (18, 5, N'jdtghs', CAST(N'2023-09-20T17:23:23.833' AS DateTime), 1)
GO
INSERT [dbo].[TM_CATEGORIA] ([CAT_ID], [SUC_ID], [CAT_NOM], [FECH_CREA], [EST]) VALUES (19, 5, N'grsgtg', CAST(N'2023-09-20T17:23:23.833' AS DateTime), 1)
GO
INSERT [dbo].[TM_CATEGORIA] ([CAT_ID], [SUC_ID], [CAT_NOM], [FECH_CREA], [EST]) VALUES (20, 5, N'dtrgtdrgdr', CAST(N'2023-09-20T17:23:23.833' AS DateTime), 1)
GO
INSERT [dbo].[TM_CATEGORIA] ([CAT_ID], [SUC_ID], [CAT_NOM], [FECH_CREA], [EST]) VALUES (21, 5, N'gdrgargx', CAST(N'2023-09-20T17:23:23.833' AS DateTime), 1)
GO
INSERT [dbo].[TM_CATEGORIA] ([CAT_ID], [SUC_ID], [CAT_NOM], [FECH_CREA], [EST]) VALUES (22, 5, N'gdrgsdrgdr', CAST(N'2023-09-20T17:23:23.833' AS DateTime), 1)
GO
INSERT [dbo].[TM_CATEGORIA] ([CAT_ID], [SUC_ID], [CAT_NOM], [FECH_CREA], [EST]) VALUES (23, 9, N'gtdrgdgr', CAST(N'2023-09-20T17:23:23.833' AS DateTime), 1)
GO
INSERT [dbo].[TM_CATEGORIA] ([CAT_ID], [SUC_ID], [CAT_NOM], [FECH_CREA], [EST]) VALUES (24, 9, N'drgdrgdrgd', CAST(N'2023-09-20T17:23:23.833' AS DateTime), 1)
GO
INSERT [dbo].[TM_CATEGORIA] ([CAT_ID], [SUC_ID], [CAT_NOM], [FECH_CREA], [EST]) VALUES (25, 9, N'rgdrgdgrd', CAST(N'2023-09-20T17:23:23.833' AS DateTime), 1)
GO
INSERT [dbo].[TM_CATEGORIA] ([CAT_ID], [SUC_ID], [CAT_NOM], [FECH_CREA], [EST]) VALUES (26, 9, N'rgdrgrdgrdg', CAST(N'2023-09-20T17:23:23.833' AS DateTime), 1)
GO
INSERT [dbo].[TM_CATEGORIA] ([CAT_ID], [SUC_ID], [CAT_NOM], [FECH_CREA], [EST]) VALUES (27, 9, N'ytyjfyjgv', CAST(N'2023-09-20T17:23:23.833' AS DateTime), 1)
GO
INSERT [dbo].[TM_CATEGORIA] ([CAT_ID], [SUC_ID], [CAT_NOM], [FECH_CREA], [EST]) VALUES (1002, 1, N'XD:v', CAST(N'2023-10-04T12:13:57.893' AS DateTime), 1)
GO
INSERT [dbo].[TM_CATEGORIA] ([CAT_ID], [SUC_ID], [CAT_NOM], [FECH_CREA], [EST]) VALUES (1003, 1, N'EJEMPLOCXD', CAST(N'2023-10-04T12:15:39.537' AS DateTime), 1)
GO
INSERT [dbo].[TM_CATEGORIA] ([CAT_ID], [SUC_ID], [CAT_NOM], [FECH_CREA], [EST]) VALUES (1004, 1, N'Y LA QUESO?', CAST(N'2023-10-04T18:44:45.360' AS DateTime), 1)
GO
INSERT [dbo].[TM_CATEGORIA] ([CAT_ID], [SUC_ID], [CAT_NOM], [FECH_CREA], [EST]) VALUES (2002, 1, N'PEPE', CAST(N'2023-10-10T16:01:07.087' AS DateTime), 1)
GO
INSERT [dbo].[TM_CATEGORIA] ([CAT_ID], [SUC_ID], [CAT_NOM], [FECH_CREA], [EST]) VALUES (2003, 1, N'PEPE', CAST(N'2023-10-18T16:56:47.717' AS DateTime), 1)
GO
INSERT [dbo].[TM_CATEGORIA] ([CAT_ID], [SUC_ID], [CAT_NOM], [FECH_CREA], [EST]) VALUES (3003, 1, N'QQQQQQ', CAST(N'2023-10-25T09:16:44.570' AS DateTime), 1)
GO
INSERT [dbo].[TM_CATEGORIA] ([CAT_ID], [SUC_ID], [CAT_NOM], [FECH_CREA], [EST]) VALUES (3004, 1, N'Mantenimiento', CAST(N'2023-10-25T09:19:24.373' AS DateTime), 1)
GO
SET IDENTITY_INSERT [dbo].[TM_CATEGORIA] OFF
GO
SET IDENTITY_INSERT [dbo].[TM_CLIENTE] ON 
GO
INSERT [dbo].[TM_CLIENTE] ([CLI_ID], [EMP_ID], [CLI_NOM], [CLI_RUC], [CLI_TELF], [CLI_DIRECC], [CLI_CORREO], [FECH_CREA], [EST]) VALUES (1, 1, N'hasn', N'3242343242342', N'78678576765', N'fgjhfdjhsdfsdf', N'cli1@gmail.com', CAST(N'2023-10-13T17:59:57.740' AS DateTime), 0)
GO
INSERT [dbo].[TM_CLIENTE] ([CLI_ID], [EMP_ID], [CLI_NOM], [CLI_RUC], [CLI_TELF], [CLI_DIRECC], [CLI_CORREO], [FECH_CREA], [EST]) VALUES (2, 2, N'hasn', N'3242343242342', N'78678576765', N'fgjhfdjhsdfsdf', N'cli2@gmail.com', CAST(N'2023-10-13T17:59:57.740' AS DateTime), 1)
GO
INSERT [dbo].[TM_CLIENTE] ([CLI_ID], [EMP_ID], [CLI_NOM], [CLI_RUC], [CLI_TELF], [CLI_DIRECC], [CLI_CORREO], [FECH_CREA], [EST]) VALUES (3, 3, N'hasn', N'3242343242342', N'78678576765', N'fgjhfdjhsdfsdf', N'cli3@gmail.com', CAST(N'2023-10-13T17:59:57.740' AS DateTime), 1)
GO
INSERT [dbo].[TM_CLIENTE] ([CLI_ID], [EMP_ID], [CLI_NOM], [CLI_RUC], [CLI_TELF], [CLI_DIRECC], [CLI_CORREO], [FECH_CREA], [EST]) VALUES (4, 3, N'hasn', N'3242343242342', N'78678576765', N'fgjhfdjhsdfsdf', N'cli4@gmail.com', CAST(N'2023-10-13T17:59:57.740' AS DateTime), 1)
GO
INSERT [dbo].[TM_CLIENTE] ([CLI_ID], [EMP_ID], [CLI_NOM], [CLI_RUC], [CLI_TELF], [CLI_DIRECC], [CLI_CORREO], [FECH_CREA], [EST]) VALUES (5, 2, N'hasn', N'3242343242342', N'78678576765', N'fgjhfdjhsdfsdf', N'cli5@gmail.com', CAST(N'2023-10-13T17:59:57.740' AS DateTime), 1)
GO
INSERT [dbo].[TM_CLIENTE] ([CLI_ID], [EMP_ID], [CLI_NOM], [CLI_RUC], [CLI_TELF], [CLI_DIRECC], [CLI_CORREO], [FECH_CREA], [EST]) VALUES (6, 2, N'hasn', N'3242343242342', N'78678576765', N'fgjhfdjhsdfsdf', N'cli6@gmail.com', CAST(N'2023-10-13T17:59:57.740' AS DateTime), 1)
GO
INSERT [dbo].[TM_CLIENTE] ([CLI_ID], [EMP_ID], [CLI_NOM], [CLI_RUC], [CLI_TELF], [CLI_DIRECC], [CLI_CORREO], [FECH_CREA], [EST]) VALUES (7, 2, N'hasn', N'3242343242342', N'78678576765', N'fgjhfdjhsdfsdf', N'cli7@gmail.com', CAST(N'2023-10-13T17:59:57.740' AS DateTime), 1)
GO
INSERT [dbo].[TM_CLIENTE] ([CLI_ID], [EMP_ID], [CLI_NOM], [CLI_RUC], [CLI_TELF], [CLI_DIRECC], [CLI_CORREO], [FECH_CREA], [EST]) VALUES (8, 1, N'hasn', N'3242343242342', N'78678576765', N'fgjhfdjhsdfsdf', N'cli8@gmail.com', CAST(N'2023-10-13T17:59:57.740' AS DateTime), 0)
GO
INSERT [dbo].[TM_CLIENTE] ([CLI_ID], [EMP_ID], [CLI_NOM], [CLI_RUC], [CLI_TELF], [CLI_DIRECC], [CLI_CORREO], [FECH_CREA], [EST]) VALUES (9, 3, N'hasn', N'3242343242342', N'78678576765', N'fgjhfdjhsdfsdf', N'cli9@gmail.com', CAST(N'2023-10-13T17:59:57.740' AS DateTime), 1)
GO
INSERT [dbo].[TM_CLIENTE] ([CLI_ID], [EMP_ID], [CLI_NOM], [CLI_RUC], [CLI_TELF], [CLI_DIRECC], [CLI_CORREO], [FECH_CREA], [EST]) VALUES (10, 3, N'hasn', N'3242343242342', N'78678576765', N'fgjhfdjhsdfsdf', N'cli10@gmail.com', CAST(N'2023-10-13T17:59:57.740' AS DateTime), 1)
GO
INSERT [dbo].[TM_CLIENTE] ([CLI_ID], [EMP_ID], [CLI_NOM], [CLI_RUC], [CLI_TELF], [CLI_DIRECC], [CLI_CORREO], [FECH_CREA], [EST]) VALUES (11, 1, N'hasn', N'3242343242342', N'78678576765', N'fgjhfdjhsdfsdf', N'cli11@gmail.com', CAST(N'2023-10-13T17:59:57.740' AS DateTime), 1)
GO
INSERT [dbo].[TM_CLIENTE] ([CLI_ID], [EMP_ID], [CLI_NOM], [CLI_RUC], [CLI_TELF], [CLI_DIRECC], [CLI_CORREO], [FECH_CREA], [EST]) VALUES (12, 3, N'hasn', N'3242343242342', N'78678576765', N'fgjhfdjhsdfsdf', N'cli12@gmail.com', CAST(N'2023-10-13T17:59:57.740' AS DateTime), 1)
GO
INSERT [dbo].[TM_CLIENTE] ([CLI_ID], [EMP_ID], [CLI_NOM], [CLI_RUC], [CLI_TELF], [CLI_DIRECC], [CLI_CORREO], [FECH_CREA], [EST]) VALUES (13, 2, N'hasn', N'3242343242342', N'78678576765', N'fgjhfdjhsdfsdf', N'cli13@gmail.com', CAST(N'2023-10-13T17:59:57.740' AS DateTime), 1)
GO
INSERT [dbo].[TM_CLIENTE] ([CLI_ID], [EMP_ID], [CLI_NOM], [CLI_RUC], [CLI_TELF], [CLI_DIRECC], [CLI_CORREO], [FECH_CREA], [EST]) VALUES (14, 1, N'jefeM', N'657567567', N'23423423', N'bdgrgdrgdrg', N'hnA@GMAIL.COM', CAST(N'2023-10-13T18:03:29.677' AS DateTime), 1)
GO
INSERT [dbo].[TM_CLIENTE] ([CLI_ID], [EMP_ID], [CLI_NOM], [CLI_RUC], [CLI_TELF], [CLI_DIRECC], [CLI_CORREO], [FECH_CREA], [EST]) VALUES (15, 1, N'jerson', N'34234234', N'34232434', N'faadawd', N'ajd@gmail.com', CAST(N'2023-10-13T18:11:07.827' AS DateTime), 1)
GO
INSERT [dbo].[TM_CLIENTE] ([CLI_ID], [EMP_ID], [CLI_NOM], [CLI_RUC], [CLI_TELF], [CLI_DIRECC], [CLI_CORREO], [FECH_CREA], [EST]) VALUES (16, 1, N'DSADAW', N'DAWDAWD', N'AWDAWD', N'AWDAWD', N'WADWH@GMAIL.COM', CAST(N'2023-10-13T18:18:48.447' AS DateTime), 1)
GO
INSERT [dbo].[TM_CLIENTE] ([CLI_ID], [EMP_ID], [CLI_NOM], [CLI_RUC], [CLI_TELF], [CLI_DIRECC], [CLI_CORREO], [FECH_CREA], [EST]) VALUES (1002, 1, N'HANS', N'', N'92387498234', N'DAWDAWD', N'123@GMAIL.COM', CAST(N'2023-10-24T14:33:14.830' AS DateTime), 1)
GO
SET IDENTITY_INSERT [dbo].[TM_CLIENTE] OFF
GO
SET IDENTITY_INSERT [dbo].[TM_COMPANIA] ON 
GO
INSERT [dbo].[TM_COMPANIA] ([COM_ID], [COM_NOM], [FECH_CREA], [EST]) VALUES (1, N'SANTOS CAR', NULL, 1)
GO
INSERT [dbo].[TM_COMPANIA] ([COM_ID], [COM_NOM], [FECH_CREA], [EST]) VALUES (2, N'COMPANIA 02', NULL, 1)
GO
SET IDENTITY_INSERT [dbo].[TM_COMPANIA] OFF
GO
SET IDENTITY_INSERT [dbo].[TM_COMPRA] ON 
GO
INSERT [dbo].[TM_COMPRA] ([COMPR_ID], [SUC_ID], [PAG_ID], [PROV_ID], [PROV_RUC], [PROV_DIRECC], [PROV_CORREO], [COMPR_SUBTOTAL], [COMPR_IGV], [COMPR_TOTAL], [COMPR_COMENT], [USU_ID], [MON_ID], [DOC_ID], [FECH_CREA], [EST]) VALUES (1, 1, 1, 1013, N'23467263742', N'SHIRINGAL B', N'prov2@gmail.com', CAST(366.00 AS Numeric(18, 2)), CAST(65.88 AS Numeric(18, 2)), CAST(431.88 AS Numeric(18, 2)), N'QQ', 1, 3, 2, CAST(N'2023-10-25T09:29:47.100' AS DateTime), 1)
GO
INSERT [dbo].[TM_COMPRA] ([COMPR_ID], [SUC_ID], [PAG_ID], [PROV_ID], [PROV_RUC], [PROV_DIRECC], [PROV_CORREO], [COMPR_SUBTOTAL], [COMPR_IGV], [COMPR_TOTAL], [COMPR_COMENT], [USU_ID], [MON_ID], [DOC_ID], [FECH_CREA], [EST]) VALUES (2, 1, 2, 1014, N'987654321', N'augusto beleguia', N'naruto@gmail.com', CAST(24.00 AS Numeric(18, 2)), CAST(4.32 AS Numeric(18, 2)), CAST(28.32 AS Numeric(18, 2)), N'', 1, 4, 3, CAST(N'2023-10-25T09:30:31.600' AS DateTime), 1)
GO
INSERT [dbo].[TM_COMPRA] ([COMPR_ID], [SUC_ID], [PAG_ID], [PROV_ID], [PROV_RUC], [PROV_DIRECC], [PROV_CORREO], [COMPR_SUBTOTAL], [COMPR_IGV], [COMPR_TOTAL], [COMPR_COMENT], [USU_ID], [MON_ID], [DOC_ID], [FECH_CREA], [EST]) VALUES (3, 1, NULL, NULL, NULL, NULL, NULL, CAST(0.00 AS Numeric(18, 2)), CAST(0.00 AS Numeric(18, 2)), CAST(0.00 AS Numeric(18, 2)), NULL, 1, NULL, NULL, NULL, 2)
GO
INSERT [dbo].[TM_COMPRA] ([COMPR_ID], [SUC_ID], [PAG_ID], [PROV_ID], [PROV_RUC], [PROV_DIRECC], [PROV_CORREO], [COMPR_SUBTOTAL], [COMPR_IGV], [COMPR_TOTAL], [COMPR_COMENT], [USU_ID], [MON_ID], [DOC_ID], [FECH_CREA], [EST]) VALUES (4, 1, 2, 1014, N'987654321', N'augusto beleguia', N'naruto@gmail.com', CAST(14881.00 AS Numeric(18, 2)), CAST(2678.58 AS Numeric(18, 2)), CAST(17559.58 AS Numeric(18, 2)), N'', 1, 4, 2, CAST(N'2023-10-25T10:00:31.090' AS DateTime), 1)
GO
INSERT [dbo].[TM_COMPRA] ([COMPR_ID], [SUC_ID], [PAG_ID], [PROV_ID], [PROV_RUC], [PROV_DIRECC], [PROV_CORREO], [COMPR_SUBTOTAL], [COMPR_IGV], [COMPR_TOTAL], [COMPR_COMENT], [USU_ID], [MON_ID], [DOC_ID], [FECH_CREA], [EST]) VALUES (5, 1, NULL, NULL, NULL, NULL, NULL, CAST(0.00 AS Numeric(18, 2)), CAST(0.00 AS Numeric(18, 2)), CAST(0.00 AS Numeric(18, 2)), NULL, 1, NULL, NULL, NULL, 2)
GO
INSERT [dbo].[TM_COMPRA] ([COMPR_ID], [SUC_ID], [PAG_ID], [PROV_ID], [PROV_RUC], [PROV_DIRECC], [PROV_CORREO], [COMPR_SUBTOTAL], [COMPR_IGV], [COMPR_TOTAL], [COMPR_COMENT], [USU_ID], [MON_ID], [DOC_ID], [FECH_CREA], [EST]) VALUES (6, 1, 2, 1013, N'23467263742', N'SHIRINGAL B', N'prov2@gmail.com', CAST(610.00 AS Numeric(18, 2)), CAST(109.80 AS Numeric(18, 2)), CAST(719.80 AS Numeric(18, 2)), N'aaa', 1, 4, 2, CAST(N'2023-10-30T11:26:07.627' AS DateTime), 1)
GO
INSERT [dbo].[TM_COMPRA] ([COMPR_ID], [SUC_ID], [PAG_ID], [PROV_ID], [PROV_RUC], [PROV_DIRECC], [PROV_CORREO], [COMPR_SUBTOTAL], [COMPR_IGV], [COMPR_TOTAL], [COMPR_COMENT], [USU_ID], [MON_ID], [DOC_ID], [FECH_CREA], [EST]) VALUES (7, 1, 1, 1013, N'23467263742', N'SHIRINGAL B', N'prov2@gmail.com', CAST(2816668.00 AS Numeric(18, 2)), CAST(507000.24 AS Numeric(18, 2)), CAST(3323668.24 AS Numeric(18, 2)), N'eee', 1, 1, 1, CAST(N'2023-10-30T11:51:17.580' AS DateTime), 1)
GO
INSERT [dbo].[TM_COMPRA] ([COMPR_ID], [SUC_ID], [PAG_ID], [PROV_ID], [PROV_RUC], [PROV_DIRECC], [PROV_CORREO], [COMPR_SUBTOTAL], [COMPR_IGV], [COMPR_TOTAL], [COMPR_COMENT], [USU_ID], [MON_ID], [DOC_ID], [FECH_CREA], [EST]) VALUES (8, 1, 4, 1013, N'23467263742', N'SHIRINGAL B', N'prov2@gmail.com', CAST(2568.00 AS Numeric(18, 2)), CAST(462.24 AS Numeric(18, 2)), CAST(3030.24 AS Numeric(18, 2)), N'www', 1, 4, 1, CAST(N'2023-10-30T11:52:39.570' AS DateTime), 1)
GO
INSERT [dbo].[TM_COMPRA] ([COMPR_ID], [SUC_ID], [PAG_ID], [PROV_ID], [PROV_RUC], [PROV_DIRECC], [PROV_CORREO], [COMPR_SUBTOTAL], [COMPR_IGV], [COMPR_TOTAL], [COMPR_COMENT], [USU_ID], [MON_ID], [DOC_ID], [FECH_CREA], [EST]) VALUES (1006, 1, NULL, NULL, NULL, NULL, NULL, CAST(0.00 AS Numeric(18, 2)), CAST(0.00 AS Numeric(18, 2)), CAST(0.00 AS Numeric(18, 2)), NULL, 1, NULL, NULL, NULL, 2)
GO
INSERT [dbo].[TM_COMPRA] ([COMPR_ID], [SUC_ID], [PAG_ID], [PROV_ID], [PROV_RUC], [PROV_DIRECC], [PROV_CORREO], [COMPR_SUBTOTAL], [COMPR_IGV], [COMPR_TOTAL], [COMPR_COMENT], [USU_ID], [MON_ID], [DOC_ID], [FECH_CREA], [EST]) VALUES (1007, 1, NULL, NULL, NULL, NULL, NULL, CAST(0.00 AS Numeric(18, 2)), CAST(0.00 AS Numeric(18, 2)), CAST(0.00 AS Numeric(18, 2)), NULL, 1, NULL, NULL, NULL, 2)
GO
INSERT [dbo].[TM_COMPRA] ([COMPR_ID], [SUC_ID], [PAG_ID], [PROV_ID], [PROV_RUC], [PROV_DIRECC], [PROV_CORREO], [COMPR_SUBTOTAL], [COMPR_IGV], [COMPR_TOTAL], [COMPR_COMENT], [USU_ID], [MON_ID], [DOC_ID], [FECH_CREA], [EST]) VALUES (1008, 1, NULL, NULL, NULL, NULL, NULL, CAST(0.00 AS Numeric(18, 2)), CAST(0.00 AS Numeric(18, 2)), CAST(0.00 AS Numeric(18, 2)), NULL, 1, NULL, NULL, NULL, 2)
GO
INSERT [dbo].[TM_COMPRA] ([COMPR_ID], [SUC_ID], [PAG_ID], [PROV_ID], [PROV_RUC], [PROV_DIRECC], [PROV_CORREO], [COMPR_SUBTOTAL], [COMPR_IGV], [COMPR_TOTAL], [COMPR_COMENT], [USU_ID], [MON_ID], [DOC_ID], [FECH_CREA], [EST]) VALUES (1009, 1, NULL, NULL, NULL, NULL, NULL, CAST(0.00 AS Numeric(18, 2)), CAST(0.00 AS Numeric(18, 2)), CAST(0.00 AS Numeric(18, 2)), NULL, 1, NULL, NULL, NULL, 2)
GO
INSERT [dbo].[TM_COMPRA] ([COMPR_ID], [SUC_ID], [PAG_ID], [PROV_ID], [PROV_RUC], [PROV_DIRECC], [PROV_CORREO], [COMPR_SUBTOTAL], [COMPR_IGV], [COMPR_TOTAL], [COMPR_COMENT], [USU_ID], [MON_ID], [DOC_ID], [FECH_CREA], [EST]) VALUES (1010, 1, NULL, NULL, NULL, NULL, NULL, CAST(0.00 AS Numeric(18, 2)), CAST(0.00 AS Numeric(18, 2)), CAST(0.00 AS Numeric(18, 2)), NULL, 1, NULL, NULL, NULL, 2)
GO
INSERT [dbo].[TM_COMPRA] ([COMPR_ID], [SUC_ID], [PAG_ID], [PROV_ID], [PROV_RUC], [PROV_DIRECC], [PROV_CORREO], [COMPR_SUBTOTAL], [COMPR_IGV], [COMPR_TOTAL], [COMPR_COMENT], [USU_ID], [MON_ID], [DOC_ID], [FECH_CREA], [EST]) VALUES (1011, 1, NULL, NULL, NULL, NULL, NULL, CAST(0.00 AS Numeric(18, 2)), CAST(0.00 AS Numeric(18, 2)), CAST(0.00 AS Numeric(18, 2)), NULL, 1, NULL, NULL, NULL, 2)
GO
INSERT [dbo].[TM_COMPRA] ([COMPR_ID], [SUC_ID], [PAG_ID], [PROV_ID], [PROV_RUC], [PROV_DIRECC], [PROV_CORREO], [COMPR_SUBTOTAL], [COMPR_IGV], [COMPR_TOTAL], [COMPR_COMENT], [USU_ID], [MON_ID], [DOC_ID], [FECH_CREA], [EST]) VALUES (1012, 1, NULL, NULL, NULL, NULL, NULL, CAST(0.00 AS Numeric(18, 2)), CAST(0.00 AS Numeric(18, 2)), CAST(0.00 AS Numeric(18, 2)), NULL, 1, NULL, NULL, NULL, 2)
GO
INSERT [dbo].[TM_COMPRA] ([COMPR_ID], [SUC_ID], [PAG_ID], [PROV_ID], [PROV_RUC], [PROV_DIRECC], [PROV_CORREO], [COMPR_SUBTOTAL], [COMPR_IGV], [COMPR_TOTAL], [COMPR_COMENT], [USU_ID], [MON_ID], [DOC_ID], [FECH_CREA], [EST]) VALUES (2006, 1, NULL, NULL, NULL, NULL, NULL, CAST(0.00 AS Numeric(18, 2)), CAST(0.00 AS Numeric(18, 2)), CAST(0.00 AS Numeric(18, 2)), NULL, 1, NULL, NULL, NULL, 2)
GO
INSERT [dbo].[TM_COMPRA] ([COMPR_ID], [SUC_ID], [PAG_ID], [PROV_ID], [PROV_RUC], [PROV_DIRECC], [PROV_CORREO], [COMPR_SUBTOTAL], [COMPR_IGV], [COMPR_TOTAL], [COMPR_COMENT], [USU_ID], [MON_ID], [DOC_ID], [FECH_CREA], [EST]) VALUES (2007, 1, NULL, NULL, NULL, NULL, NULL, CAST(0.00 AS Numeric(18, 2)), CAST(0.00 AS Numeric(18, 2)), CAST(0.00 AS Numeric(18, 2)), NULL, 1, NULL, NULL, NULL, 2)
GO
SET IDENTITY_INSERT [dbo].[TM_COMPRA] OFF
GO
SET IDENTITY_INSERT [dbo].[TM_DOCUMENTO] ON 
GO
INSERT [dbo].[TM_DOCUMENTO] ([DOC_ID], [DOC_NOM], [DOC_TIPO], [FECH_CREA], [EST]) VALUES (1, N'Guia De Remision', N'Compra', CAST(N'2023-10-24T21:18:32.707' AS DateTime), 1)
GO
INSERT [dbo].[TM_DOCUMENTO] ([DOC_ID], [DOC_NOM], [DOC_TIPO], [FECH_CREA], [EST]) VALUES (2, N'Factura', N'Compra', CAST(N'2023-10-24T21:18:32.707' AS DateTime), 1)
GO
INSERT [dbo].[TM_DOCUMENTO] ([DOC_ID], [DOC_NOM], [DOC_TIPO], [FECH_CREA], [EST]) VALUES (3, N'Boleta', N'Compra', CAST(N'2023-10-24T21:18:32.707' AS DateTime), 1)
GO
INSERT [dbo].[TM_DOCUMENTO] ([DOC_ID], [DOC_NOM], [DOC_TIPO], [FECH_CREA], [EST]) VALUES (4, N'Factura', N'Venta', CAST(N'2023-10-24T21:18:32.707' AS DateTime), 1)
GO
INSERT [dbo].[TM_DOCUMENTO] ([DOC_ID], [DOC_NOM], [DOC_TIPO], [FECH_CREA], [EST]) VALUES (5, N'Boleta', N'Venta', CAST(N'2023-10-24T21:18:32.707' AS DateTime), 1)
GO
SET IDENTITY_INSERT [dbo].[TM_DOCUMENTO] OFF
GO
SET IDENTITY_INSERT [dbo].[TM_EMPRESA] ON 
GO
INSERT [dbo].[TM_EMPRESA] ([EMP_ID], [COM_ID], [EMP_NOM], [EMP_RUC], [EMP_CORREO], [EMP_TELF], [EMP_DIRECC], [EMP_PAG], [FECH_CREA], [EST]) VALUES (1, 1, N'SANTOS CAR E.I.R.L', N'11111111', N'emp1@gmail.com', N'987667324', N'augustobelegia', N'haromhr.ga', CAST(N'2023-09-20T14:56:10.660' AS DateTime), 1)
GO
INSERT [dbo].[TM_EMPRESA] ([EMP_ID], [COM_ID], [EMP_NOM], [EMP_RUC], [EMP_CORREO], [EMP_TELF], [EMP_DIRECC], [EMP_PAG], [FECH_CREA], [EST]) VALUES (2, 1, N'RADIASOS', N'43214234', N'emp2@gmail.com', N'9874234234', N'augustobelegia', N'haromhr.ga', CAST(N'2023-09-20T14:56:10.660' AS DateTime), 1)
GO
INSERT [dbo].[TM_EMPRESA] ([EMP_ID], [COM_ID], [EMP_NOM], [EMP_RUC], [EMP_CORREO], [EMP_TELF], [EMP_DIRECC], [EMP_PAG], [FECH_CREA], [EST]) VALUES (3, 2, N'PRUEBA EMPRESA', N'00000982', N'emp2@gmail.com', N'9734276487', N'augustobelegia', N'haromhr.ga', CAST(N'2023-09-20T14:56:10.660' AS DateTime), 1)
GO
INSERT [dbo].[TM_EMPRESA] ([EMP_ID], [COM_ID], [EMP_NOM], [EMP_RUC], [EMP_CORREO], [EMP_TELF], [EMP_DIRECC], [EMP_PAG], [FECH_CREA], [EST]) VALUES (1002, 2, N'VENTA DE AUTOS', N'3242543534534', N'emp2@gmail.com', N'98236487234', N'augustobelegia', N'haromhr.ga', CAST(N'2023-09-20T14:56:10.660' AS DateTime), 1)
GO
INSERT [dbo].[TM_EMPRESA] ([EMP_ID], [COM_ID], [EMP_NOM], [EMP_RUC], [EMP_CORREO], [EMP_TELF], [EMP_DIRECC], [EMP_PAG], [FECH_CREA], [EST]) VALUES (2002, 1, N'VENTA DE COCINA', N'7698279857983245', N'emp2@gmail.com', N'92387462', N'augustobelegia', N'haromhr.ga', CAST(N'2023-10-12T09:08:35.123' AS DateTime), 1)
GO
INSERT [dbo].[TM_EMPRESA] ([EMP_ID], [COM_ID], [EMP_NOM], [EMP_RUC], [EMP_CORREO], [EMP_TELF], [EMP_DIRECC], [EMP_PAG], [FECH_CREA], [EST]) VALUES (2003, 1, N'DAWD', N'213123', N'emp2@gmail.com', N'9273462734', N'augustobelegia', N'haromhr.ga', CAST(N'2023-10-12T09:10:03.733' AS DateTime), 1)
GO
INSERT [dbo].[TM_EMPRESA] ([EMP_ID], [COM_ID], [EMP_NOM], [EMP_RUC], [EMP_CORREO], [EMP_TELF], [EMP_DIRECC], [EMP_PAG], [FECH_CREA], [EST]) VALUES (2004, 1, N'hyhyh', N'234234', N'emp2@gmail.com', N'923747234', N'augustobelegia', N'haromhr.ga', CAST(N'2023-10-12T09:10:40.320' AS DateTime), 1)
GO
INSERT [dbo].[TM_EMPRESA] ([EMP_ID], [COM_ID], [EMP_NOM], [EMP_RUC], [EMP_CORREO], [EMP_TELF], [EMP_DIRECC], [EMP_PAG], [FECH_CREA], [EST]) VALUES (2005, 1, N'qwe', N'1234234', N'emp2@gmail.com', N'923467234', N'augustobelegia', N'haromhr.ga', CAST(N'2023-10-12T09:12:04.683' AS DateTime), 1)
GO
INSERT [dbo].[TM_EMPRESA] ([EMP_ID], [COM_ID], [EMP_NOM], [EMP_RUC], [EMP_CORREO], [EMP_TELF], [EMP_DIRECC], [EMP_PAG], [FECH_CREA], [EST]) VALUES (2006, 1, N'PEPERONI', N'23142342', N'emp2@gmail.com', N'928736428734', N'augustobelegia', N'haromhr.ga', CAST(N'2023-10-12T09:18:47.463' AS DateTime), 1)
GO
INSERT [dbo].[TM_EMPRESA] ([EMP_ID], [COM_ID], [EMP_NOM], [EMP_RUC], [EMP_CORREO], [EMP_TELF], [EMP_DIRECC], [EMP_PAG], [FECH_CREA], [EST]) VALUES (2007, 1, N'JEJEJE', N'2798372943', N'emp2@gmail.com', N'9287348234', N'augustobelegia', N'haromhr.ga', CAST(N'2023-10-12T09:19:20.203' AS DateTime), 0)
GO
INSERT [dbo].[TM_EMPRESA] ([EMP_ID], [COM_ID], [EMP_NOM], [EMP_RUC], [EMP_CORREO], [EMP_TELF], [EMP_DIRECC], [EMP_PAG], [FECH_CREA], [EST]) VALUES (2008, 1, N'PEPITO', N'123431432', N'emp2@gmail.com', N'92873468273', N'augustobelegia', N'haromhr.ga', CAST(N'2023-10-12T09:20:04.470' AS DateTime), 0)
GO
SET IDENTITY_INSERT [dbo].[TM_EMPRESA] OFF
GO
SET IDENTITY_INSERT [dbo].[TM_MENU] ON 
GO
INSERT [dbo].[TM_MENU] ([MEN_ID], [MEN_NOM], [MEN_RUTA], [MEN_IDENTI], [MEN_GRUPO], [FECH_CREA], [EST]) VALUES (1, N'Dashboard', N'../Home/', N'dashboard', N'Dashboard', CAST(N'2023-10-19T10:59:39.473' AS DateTime), 1)
GO
INSERT [dbo].[TM_MENU] ([MEN_ID], [MEN_NOM], [MEN_RUTA], [MEN_IDENTI], [MEN_GRUPO], [FECH_CREA], [EST]) VALUES (2, N'Categorias', N'../MntCategoria/', N'mntcategoria', N'Mantenimiento', CAST(N'2023-10-19T10:59:39.473' AS DateTime), 1)
GO
INSERT [dbo].[TM_MENU] ([MEN_ID], [MEN_NOM], [MEN_RUTA], [MEN_IDENTI], [MEN_GRUPO], [FECH_CREA], [EST]) VALUES (3, N'Poductos', N'../MntProducto/', N'mntproducto', N'Mantenimiento', CAST(N'2023-10-19T10:59:39.473' AS DateTime), 1)
GO
INSERT [dbo].[TM_MENU] ([MEN_ID], [MEN_NOM], [MEN_RUTA], [MEN_IDENTI], [MEN_GRUPO], [FECH_CREA], [EST]) VALUES (4, N'Clientes', N'../MntCliente/', N'mntcliente', N'Mantenimiento', CAST(N'2023-10-19T10:59:39.473' AS DateTime), 1)
GO
INSERT [dbo].[TM_MENU] ([MEN_ID], [MEN_NOM], [MEN_RUTA], [MEN_IDENTI], [MEN_GRUPO], [FECH_CREA], [EST]) VALUES (5, N'Proveedores', N'../MntProveedor/', N'mntproveedor', N'Mantenimiento', CAST(N'2023-10-19T10:59:39.473' AS DateTime), 1)
GO
INSERT [dbo].[TM_MENU] ([MEN_ID], [MEN_NOM], [MEN_RUTA], [MEN_IDENTI], [MEN_GRUPO], [FECH_CREA], [EST]) VALUES (6, N'Monedas', N'../MntMoneda/', N'mntmoneda', N'Mantenimiento', CAST(N'2023-10-19T10:59:39.473' AS DateTime), 1)
GO
INSERT [dbo].[TM_MENU] ([MEN_ID], [MEN_NOM], [MEN_RUTA], [MEN_IDENTI], [MEN_GRUPO], [FECH_CREA], [EST]) VALUES (7, N'Und. Medida', N'../MntUndMedida/', N'mntundmedida', N'Mantenimiento', CAST(N'2023-10-19T10:59:39.473' AS DateTime), 1)
GO
INSERT [dbo].[TM_MENU] ([MEN_ID], [MEN_NOM], [MEN_RUTA], [MEN_IDENTI], [MEN_GRUPO], [FECH_CREA], [EST]) VALUES (8, N'Empresas', N'../MntEmpresa/', N'mntempresa', N'Mantenimiento', CAST(N'2023-10-19T10:59:39.473' AS DateTime), 1)
GO
INSERT [dbo].[TM_MENU] ([MEN_ID], [MEN_NOM], [MEN_RUTA], [MEN_IDENTI], [MEN_GRUPO], [FECH_CREA], [EST]) VALUES (9, N'Sucursales', N'../MntSucursal/', N'mntsucursal', N'Mantenimiento', CAST(N'2023-10-19T10:59:39.473' AS DateTime), 1)
GO
INSERT [dbo].[TM_MENU] ([MEN_ID], [MEN_NOM], [MEN_RUTA], [MEN_IDENTI], [MEN_GRUPO], [FECH_CREA], [EST]) VALUES (10, N'Usuarios', N'../MntUsuario/', N'mntusuario', N'Mantenimiento', CAST(N'2023-10-19T10:59:39.473' AS DateTime), 1)
GO
INSERT [dbo].[TM_MENU] ([MEN_ID], [MEN_NOM], [MEN_RUTA], [MEN_IDENTI], [MEN_GRUPO], [FECH_CREA], [EST]) VALUES (11, N'Mnt. Rol', N'../MntRol/', N'mntrol', N'Mantenimiento', CAST(N'2023-10-19T10:59:39.473' AS DateTime), 1)
GO
INSERT [dbo].[TM_MENU] ([MEN_ID], [MEN_NOM], [MEN_RUTA], [MEN_IDENTI], [MEN_GRUPO], [FECH_CREA], [EST]) VALUES (12, N'Nueva Compra', N'../MntCompra/', N'mntcompra', N'Compra', CAST(N'2023-10-19T10:59:39.473' AS DateTime), 1)
GO
INSERT [dbo].[TM_MENU] ([MEN_ID], [MEN_NOM], [MEN_RUTA], [MEN_IDENTI], [MEN_GRUPO], [FECH_CREA], [EST]) VALUES (13, N'List. Compra', N'../ListCompra/', N'listcompra', N'Compra', CAST(N'2023-10-19T10:59:39.473' AS DateTime), 1)
GO
INSERT [dbo].[TM_MENU] ([MEN_ID], [MEN_NOM], [MEN_RUTA], [MEN_IDENTI], [MEN_GRUPO], [FECH_CREA], [EST]) VALUES (14, N'Nueva Venta', N'../MntVenta/', N'mntventa', N'Venta', CAST(N'2023-10-19T10:59:39.473' AS DateTime), 1)
GO
INSERT [dbo].[TM_MENU] ([MEN_ID], [MEN_NOM], [MEN_RUTA], [MEN_IDENTI], [MEN_GRUPO], [FECH_CREA], [EST]) VALUES (15, N'List. Venta', N'../ListVenta/', N'listventa', N'Venta', CAST(N'2023-10-19T10:59:39.473' AS DateTime), 1)
GO
SET IDENTITY_INSERT [dbo].[TM_MENU] OFF
GO
SET IDENTITY_INSERT [dbo].[TM_MONEDA] ON 
GO
INSERT [dbo].[TM_MONEDA] ([MON_ID], [SUC_ID], [MON_NOM], [FECH_CREA], [EST]) VALUES (1, 1, N'SOLES', CAST(N'2023-10-04T18:33:38.540' AS DateTime), 1)
GO
INSERT [dbo].[TM_MONEDA] ([MON_ID], [SUC_ID], [MON_NOM], [FECH_CREA], [EST]) VALUES (2, 1, N'SOL', CAST(N'2023-10-04T18:33:38.540' AS DateTime), 0)
GO
INSERT [dbo].[TM_MONEDA] ([MON_ID], [SUC_ID], [MON_NOM], [FECH_CREA], [EST]) VALUES (3, 1, N'DOLAR', CAST(N'2023-10-04T18:33:38.540' AS DateTime), 1)
GO
INSERT [dbo].[TM_MONEDA] ([MON_ID], [SUC_ID], [MON_NOM], [FECH_CREA], [EST]) VALUES (4, 1, N'DOLAR', CAST(N'2023-10-04T18:33:38.540' AS DateTime), 1)
GO
INSERT [dbo].[TM_MONEDA] ([MON_ID], [SUC_ID], [MON_NOM], [FECH_CREA], [EST]) VALUES (5, 1, N'SOL', CAST(N'2023-10-04T18:33:38.540' AS DateTime), 0)
GO
INSERT [dbo].[TM_MONEDA] ([MON_ID], [SUC_ID], [MON_NOM], [FECH_CREA], [EST]) VALUES (6, 2, N'SOL', CAST(N'2023-10-04T18:33:38.540' AS DateTime), 1)
GO
INSERT [dbo].[TM_MONEDA] ([MON_ID], [SUC_ID], [MON_NOM], [FECH_CREA], [EST]) VALUES (7, 2, N'DOLAR', CAST(N'2023-10-04T18:33:38.540' AS DateTime), 1)
GO
INSERT [dbo].[TM_MONEDA] ([MON_ID], [SUC_ID], [MON_NOM], [FECH_CREA], [EST]) VALUES (8, 2, N'DOLAR', CAST(N'2023-10-04T18:33:38.540' AS DateTime), 1)
GO
INSERT [dbo].[TM_MONEDA] ([MON_ID], [SUC_ID], [MON_NOM], [FECH_CREA], [EST]) VALUES (9, 2, N'SOL', CAST(N'2023-10-04T18:33:38.540' AS DateTime), 1)
GO
INSERT [dbo].[TM_MONEDA] ([MON_ID], [SUC_ID], [MON_NOM], [FECH_CREA], [EST]) VALUES (10, 2, N'DOLAR', CAST(N'2023-10-04T18:33:38.540' AS DateTime), 1)
GO
INSERT [dbo].[TM_MONEDA] ([MON_ID], [SUC_ID], [MON_NOM], [FECH_CREA], [EST]) VALUES (11, 2, N'SOL', CAST(N'2023-10-04T18:33:38.540' AS DateTime), 1)
GO
INSERT [dbo].[TM_MONEDA] ([MON_ID], [SUC_ID], [MON_NOM], [FECH_CREA], [EST]) VALUES (12, 3, N'SOLAR', CAST(N'2023-10-04T18:33:38.540' AS DateTime), 1)
GO
INSERT [dbo].[TM_MONEDA] ([MON_ID], [SUC_ID], [MON_NOM], [FECH_CREA], [EST]) VALUES (13, 3, N'SOL', CAST(N'2023-10-04T18:33:38.540' AS DateTime), 1)
GO
INSERT [dbo].[TM_MONEDA] ([MON_ID], [SUC_ID], [MON_NOM], [FECH_CREA], [EST]) VALUES (14, 3, N'DOLAR', CAST(N'2023-10-04T18:33:38.540' AS DateTime), 1)
GO
INSERT [dbo].[TM_MONEDA] ([MON_ID], [SUC_ID], [MON_NOM], [FECH_CREA], [EST]) VALUES (15, 3, N'SOL', CAST(N'2023-10-04T18:33:38.540' AS DateTime), 1)
GO
INSERT [dbo].[TM_MONEDA] ([MON_ID], [SUC_ID], [MON_NOM], [FECH_CREA], [EST]) VALUES (16, 4, N'DOLAR', CAST(N'2023-10-04T18:33:38.540' AS DateTime), 1)
GO
INSERT [dbo].[TM_MONEDA] ([MON_ID], [SUC_ID], [MON_NOM], [FECH_CREA], [EST]) VALUES (17, 4, N'SOL', CAST(N'2023-10-04T18:33:38.540' AS DateTime), 1)
GO
INSERT [dbo].[TM_MONEDA] ([MON_ID], [SUC_ID], [MON_NOM], [FECH_CREA], [EST]) VALUES (18, 4, N'SOLAR', CAST(N'2023-10-04T18:33:38.540' AS DateTime), 1)
GO
INSERT [dbo].[TM_MONEDA] ([MON_ID], [SUC_ID], [MON_NOM], [FECH_CREA], [EST]) VALUES (19, 5, N'SOL', CAST(N'2023-10-04T18:33:38.540' AS DateTime), 1)
GO
INSERT [dbo].[TM_MONEDA] ([MON_ID], [SUC_ID], [MON_NOM], [FECH_CREA], [EST]) VALUES (20, 5, N'SOL', CAST(N'2023-10-04T18:33:38.540' AS DateTime), 1)
GO
INSERT [dbo].[TM_MONEDA] ([MON_ID], [SUC_ID], [MON_NOM], [FECH_CREA], [EST]) VALUES (21, 5, N'DOLAR', CAST(N'2023-10-04T18:33:38.540' AS DateTime), 1)
GO
INSERT [dbo].[TM_MONEDA] ([MON_ID], [SUC_ID], [MON_NOM], [FECH_CREA], [EST]) VALUES (22, 5, N'SOL', CAST(N'2023-10-04T18:33:38.540' AS DateTime), 1)
GO
INSERT [dbo].[TM_MONEDA] ([MON_ID], [SUC_ID], [MON_NOM], [FECH_CREA], [EST]) VALUES (1002, 1, N'COMO', CAST(N'2023-10-10T16:12:59.677' AS DateTime), 1)
GO
INSERT [dbo].[TM_MONEDA] ([MON_ID], [SUC_ID], [MON_NOM], [FECH_CREA], [EST]) VALUES (1003, 1, N'DOLARES', CAST(N'2023-10-10T16:15:58.210' AS DateTime), 1)
GO
INSERT [dbo].[TM_MONEDA] ([MON_ID], [SUC_ID], [MON_NOM], [FECH_CREA], [EST]) VALUES (1004, 1, N'BOLIVIANOS', CAST(N'2023-10-10T18:21:15.417' AS DateTime), 1)
GO
SET IDENTITY_INSERT [dbo].[TM_MONEDA] OFF
GO
SET IDENTITY_INSERT [dbo].[TM_PAGO] ON 
GO
INSERT [dbo].[TM_PAGO] ([PAG_ID], [PAG_NOM], [FECH_CREA], [EST]) VALUES (1, N'Cheque', CAST(N'2023-10-20T10:08:39.227' AS DateTime), 1)
GO
INSERT [dbo].[TM_PAGO] ([PAG_ID], [PAG_NOM], [FECH_CREA], [EST]) VALUES (2, N'Credito', CAST(N'2023-10-20T10:08:39.227' AS DateTime), 1)
GO
INSERT [dbo].[TM_PAGO] ([PAG_ID], [PAG_NOM], [FECH_CREA], [EST]) VALUES (3, N'Debito', CAST(N'2023-10-20T10:08:39.227' AS DateTime), 1)
GO
INSERT [dbo].[TM_PAGO] ([PAG_ID], [PAG_NOM], [FECH_CREA], [EST]) VALUES (4, N'a 7 dias', CAST(N'2023-10-20T10:08:39.227' AS DateTime), 1)
GO
INSERT [dbo].[TM_PAGO] ([PAG_ID], [PAG_NOM], [FECH_CREA], [EST]) VALUES (5, N'a 15 dias', CAST(N'2023-10-20T10:08:39.227' AS DateTime), 1)
GO
INSERT [dbo].[TM_PAGO] ([PAG_ID], [PAG_NOM], [FECH_CREA], [EST]) VALUES (6, N'a 30 dias', CAST(N'2023-10-20T10:08:39.227' AS DateTime), 1)
GO
SET IDENTITY_INSERT [dbo].[TM_PAGO] OFF
GO
SET IDENTITY_INSERT [dbo].[TM_PRODUCTO] ON 
GO
INSERT [dbo].[TM_PRODUCTO] ([PROD_ID], [SUC_ID], [CAT_ID], [PROD_NOM], [PROD_DESCRIP], [UND_ID], [MON_ID], [PROD_PCOMPRA], [PROD_PVENTA], [PROD_STOCK], [PROD_FECHAVEN], [PROD_IMG], [FECH_CREA], [EST]) VALUES (10, 1, 1, N'XD', N'DXESCRIP', 1, 1, CAST(122.00 AS Numeric(18, 2)), CAST(12.00 AS Numeric(18, 2)), -509, NULL, N'109756772.png', CAST(N'1900-01-01T00:00:00.000' AS DateTime), 1)
GO
INSERT [dbo].[TM_PRODUCTO] ([PROD_ID], [SUC_ID], [CAT_ID], [PROD_NOM], [PROD_DESCRIP], [UND_ID], [MON_ID], [PROD_PCOMPRA], [PROD_PVENTA], [PROD_STOCK], [PROD_FECHAVEN], [PROD_IMG], [FECH_CREA], [EST]) VALUES (11, 1, 1, N'XD', N'DXESCRIP', 1, 1, CAST(122.00 AS Numeric(18, 2)), CAST(12.00 AS Numeric(18, 2)), 53, CAST(N'1900-01-01' AS Date), N'', CAST(N'1900-01-01T00:00:00.000' AS DateTime), 1)
GO
INSERT [dbo].[TM_PRODUCTO] ([PROD_ID], [SUC_ID], [CAT_ID], [PROD_NOM], [PROD_DESCRIP], [UND_ID], [MON_ID], [PROD_PCOMPRA], [PROD_PVENTA], [PROD_STOCK], [PROD_FECHAVEN], [PROD_IMG], [FECH_CREA], [EST]) VALUES (12, 1, 1, N'XD', N'DXESCRIP', 1, 1, CAST(122.00 AS Numeric(18, 2)), CAST(12.00 AS Numeric(18, 2)), 20, CAST(N'1900-01-01' AS Date), N'', CAST(N'1900-01-01T00:00:00.000' AS DateTime), 1)
GO
INSERT [dbo].[TM_PRODUCTO] ([PROD_ID], [SUC_ID], [CAT_ID], [PROD_NOM], [PROD_DESCRIP], [UND_ID], [MON_ID], [PROD_PCOMPRA], [PROD_PVENTA], [PROD_STOCK], [PROD_FECHAVEN], [PROD_IMG], [FECH_CREA], [EST]) VALUES (13, 1, 1, N'XD', N'DXESCRIP', 1, 1, CAST(122.00 AS Numeric(18, 2)), CAST(12.00 AS Numeric(18, 2)), 32, CAST(N'1900-01-01' AS Date), N'', CAST(N'1900-01-01T00:00:00.000' AS DateTime), 1)
GO
INSERT [dbo].[TM_PRODUCTO] ([PROD_ID], [SUC_ID], [CAT_ID], [PROD_NOM], [PROD_DESCRIP], [UND_ID], [MON_ID], [PROD_PCOMPRA], [PROD_PVENTA], [PROD_STOCK], [PROD_FECHAVEN], [PROD_IMG], [FECH_CREA], [EST]) VALUES (14, 1, 1003, N'XD', N'DXESCRIP', 1, 1, CAST(122.00 AS Numeric(18, 2)), CAST(12.00 AS Numeric(18, 2)), 32, NULL, NULL, CAST(N'1900-01-01T00:00:00.000' AS DateTime), 1)
GO
INSERT [dbo].[TM_PRODUCTO] ([PROD_ID], [SUC_ID], [CAT_ID], [PROD_NOM], [PROD_DESCRIP], [UND_ID], [MON_ID], [PROD_PCOMPRA], [PROD_PVENTA], [PROD_STOCK], [PROD_FECHAVEN], [PROD_IMG], [FECH_CREA], [EST]) VALUES (15, 1, 2, N'XD', N'DXESCRIP', 1, 1, CAST(122.00 AS Numeric(18, 2)), CAST(12.00 AS Numeric(18, 2)), 232559, NULL, NULL, CAST(N'1900-01-01T00:00:00.000' AS DateTime), 1)
GO
INSERT [dbo].[TM_PRODUCTO] ([PROD_ID], [SUC_ID], [CAT_ID], [PROD_NOM], [PROD_DESCRIP], [UND_ID], [MON_ID], [PROD_PCOMPRA], [PROD_PVENTA], [PROD_STOCK], [PROD_FECHAVEN], [PROD_IMG], [FECH_CREA], [EST]) VALUES (16, 1, 1002, N'XD', N'DXESCRIP', 1, 1, CAST(122.00 AS Numeric(18, 2)), CAST(12.00 AS Numeric(18, 2)), 32, NULL, NULL, CAST(N'1900-01-01T00:00:00.000' AS DateTime), 1)
GO
INSERT [dbo].[TM_PRODUCTO] ([PROD_ID], [SUC_ID], [CAT_ID], [PROD_NOM], [PROD_DESCRIP], [UND_ID], [MON_ID], [PROD_PCOMPRA], [PROD_PVENTA], [PROD_STOCK], [PROD_FECHAVEN], [PROD_IMG], [FECH_CREA], [EST]) VALUES (17, 1, 2, N'XD', N'DXESCRIP', 1, 1, CAST(122.00 AS Numeric(18, 2)), CAST(12.00 AS Numeric(18, 2)), 30, CAST(N'1900-01-01' AS Date), N'', CAST(N'1900-01-01T00:00:00.000' AS DateTime), 1)
GO
INSERT [dbo].[TM_PRODUCTO] ([PROD_ID], [SUC_ID], [CAT_ID], [PROD_NOM], [PROD_DESCRIP], [UND_ID], [MON_ID], [PROD_PCOMPRA], [PROD_PVENTA], [PROD_STOCK], [PROD_FECHAVEN], [PROD_IMG], [FECH_CREA], [EST]) VALUES (19, 1, 3, N'XD', N'DXESCRIP', 1, 1, CAST(122.00 AS Numeric(18, 2)), CAST(12.00 AS Numeric(18, 2)), 93, CAST(N'1900-01-01' AS Date), N'', CAST(N'1900-01-01T00:00:00.000' AS DateTime), 1)
GO
INSERT [dbo].[TM_PRODUCTO] ([PROD_ID], [SUC_ID], [CAT_ID], [PROD_NOM], [PROD_DESCRIP], [UND_ID], [MON_ID], [PROD_PCOMPRA], [PROD_PVENTA], [PROD_STOCK], [PROD_FECHAVEN], [PROD_IMG], [FECH_CREA], [EST]) VALUES (20, 1, 3, N'XD', N'DXESCRIP', 1, 1, CAST(122.00 AS Numeric(18, 2)), CAST(12.00 AS Numeric(18, 2)), 5, CAST(N'1900-01-01' AS Date), N'', CAST(N'1900-01-01T00:00:00.000' AS DateTime), 1)
GO
INSERT [dbo].[TM_PRODUCTO] ([PROD_ID], [SUC_ID], [CAT_ID], [PROD_NOM], [PROD_DESCRIP], [UND_ID], [MON_ID], [PROD_PCOMPRA], [PROD_PVENTA], [PROD_STOCK], [PROD_FECHAVEN], [PROD_IMG], [FECH_CREA], [EST]) VALUES (23, 1, 4, N'XD', N'DXESCRIP', 1, 1, CAST(122.00 AS Numeric(18, 2)), CAST(12.00 AS Numeric(18, 2)), 32, CAST(N'1900-01-01' AS Date), N'', CAST(N'1900-01-01T00:00:00.000' AS DateTime), 1)
GO
INSERT [dbo].[TM_PRODUCTO] ([PROD_ID], [SUC_ID], [CAT_ID], [PROD_NOM], [PROD_DESCRIP], [UND_ID], [MON_ID], [PROD_PCOMPRA], [PROD_PVENTA], [PROD_STOCK], [PROD_FECHAVEN], [PROD_IMG], [FECH_CREA], [EST]) VALUES (24, 1, 4, N'XD', N'DXESCRIP', 1, 1, CAST(122.00 AS Numeric(18, 2)), CAST(12.00 AS Numeric(18, 2)), 32, CAST(N'1900-01-01' AS Date), N'', CAST(N'1900-01-01T00:00:00.000' AS DateTime), 1)
GO
INSERT [dbo].[TM_PRODUCTO] ([PROD_ID], [SUC_ID], [CAT_ID], [PROD_NOM], [PROD_DESCRIP], [UND_ID], [MON_ID], [PROD_PCOMPRA], [PROD_PVENTA], [PROD_STOCK], [PROD_FECHAVEN], [PROD_IMG], [FECH_CREA], [EST]) VALUES (25, 1, NULL, N'324234', N'234234', 19, 1003, CAST(123.00 AS Numeric(18, 2)), CAST(123.00 AS Numeric(18, 2)), 123, NULL, NULL, CAST(N'2023-10-18T16:54:27.253' AS DateTime), 1)
GO
INSERT [dbo].[TM_PRODUCTO] ([PROD_ID], [SUC_ID], [CAT_ID], [PROD_NOM], [PROD_DESCRIP], [UND_ID], [MON_ID], [PROD_PCOMPRA], [PROD_PVENTA], [PROD_STOCK], [PROD_FECHAVEN], [PROD_IMG], [FECH_CREA], [EST]) VALUES (26, 1, 2, N'EWR', N'WERWER', 2, 3, CAST(1.00 AS Numeric(18, 2)), CAST(123.00 AS Numeric(18, 2)), 12, NULL, NULL, CAST(N'2023-10-18T16:59:56.770' AS DateTime), 1)
GO
INSERT [dbo].[TM_PRODUCTO] ([PROD_ID], [SUC_ID], [CAT_ID], [PROD_NOM], [PROD_DESCRIP], [UND_ID], [MON_ID], [PROD_PCOMPRA], [PROD_PVENTA], [PROD_STOCK], [PROD_FECHAVEN], [PROD_IMG], [FECH_CREA], [EST]) VALUES (30, 1, 2, N'wqeeqw', N'qweqweqwe', 2, 4, CAST(31.00 AS Numeric(18, 2)), CAST(1.00 AS Numeric(18, 2)), 12, NULL, NULL, CAST(N'2023-10-18T17:12:30.937' AS DateTime), 1)
GO
INSERT [dbo].[TM_PRODUCTO] ([PROD_ID], [SUC_ID], [CAT_ID], [PROD_NOM], [PROD_DESCRIP], [UND_ID], [MON_ID], [PROD_PCOMPRA], [PROD_PVENTA], [PROD_STOCK], [PROD_FECHAVEN], [PROD_IMG], [FECH_CREA], [EST]) VALUES (31, 1, 2, N'wqeeqw', N'qweqweqwe', 2, 4, CAST(1.00 AS Numeric(18, 2)), CAST(23.00 AS Numeric(18, 2)), 122, NULL, NULL, CAST(N'2023-10-18T17:12:45.310' AS DateTime), 1)
GO
INSERT [dbo].[TM_PRODUCTO] ([PROD_ID], [SUC_ID], [CAT_ID], [PROD_NOM], [PROD_DESCRIP], [UND_ID], [MON_ID], [PROD_PCOMPRA], [PROD_PVENTA], [PROD_STOCK], [PROD_FECHAVEN], [PROD_IMG], [FECH_CREA], [EST]) VALUES (32, 1, 2, N'wqeeqw', N'qweqweqwe', 2, 4, CAST(1.00 AS Numeric(18, 2)), CAST(23.00 AS Numeric(18, 2)), 1223, NULL, NULL, CAST(N'2023-10-18T17:12:54.013' AS DateTime), 1)
GO
INSERT [dbo].[TM_PRODUCTO] ([PROD_ID], [SUC_ID], [CAT_ID], [PROD_NOM], [PROD_DESCRIP], [UND_ID], [MON_ID], [PROD_PCOMPRA], [PROD_PVENTA], [PROD_STOCK], [PROD_FECHAVEN], [PROD_IMG], [FECH_CREA], [EST]) VALUES (33, 1, 2, N'wqeeqw', N'qweqweqwe', 2, 4, CAST(21.00 AS Numeric(18, 2)), CAST(23.00 AS Numeric(18, 2)), 123, NULL, NULL, CAST(N'2023-10-18T17:13:04.163' AS DateTime), 1)
GO
INSERT [dbo].[TM_PRODUCTO] ([PROD_ID], [SUC_ID], [CAT_ID], [PROD_NOM], [PROD_DESCRIP], [UND_ID], [MON_ID], [PROD_PCOMPRA], [PROD_PVENTA], [PROD_STOCK], [PROD_FECHAVEN], [PROD_IMG], [FECH_CREA], [EST]) VALUES (34, 1, 2003, N'wqeeqw', N'qweqweqwe', 2, 4, CAST(1.00 AS Numeric(18, 2)), CAST(23.00 AS Numeric(18, 2)), 123, NULL, NULL, CAST(N'2023-10-18T17:13:20.127' AS DateTime), 1)
GO
INSERT [dbo].[TM_PRODUCTO] ([PROD_ID], [SUC_ID], [CAT_ID], [PROD_NOM], [PROD_DESCRIP], [UND_ID], [MON_ID], [PROD_PCOMPRA], [PROD_PVENTA], [PROD_STOCK], [PROD_FECHAVEN], [PROD_IMG], [FECH_CREA], [EST]) VALUES (36, 1, 1, N'q', N'q', 1, 1, CAST(1.00 AS Numeric(18, 2)), CAST(2.00 AS Numeric(18, 2)), 4, NULL, NULL, CAST(N'2023-10-18T17:17:52.737' AS DateTime), 1)
GO
INSERT [dbo].[TM_PRODUCTO] ([PROD_ID], [SUC_ID], [CAT_ID], [PROD_NOM], [PROD_DESCRIP], [UND_ID], [MON_ID], [PROD_PCOMPRA], [PROD_PVENTA], [PROD_STOCK], [PROD_FECHAVEN], [PROD_IMG], [FECH_CREA], [EST]) VALUES (38, 2, 11, N'hajisnto', N'dawd', 7, 8, CAST(123.00 AS Numeric(18, 2)), CAST(123.00 AS Numeric(18, 2)), 12, NULL, NULL, CAST(N'2023-10-18T17:39:27.503' AS DateTime), 1)
GO
INSERT [dbo].[TM_PRODUCTO] ([PROD_ID], [SUC_ID], [CAT_ID], [PROD_NOM], [PROD_DESCRIP], [UND_ID], [MON_ID], [PROD_PCOMPRA], [PROD_PVENTA], [PROD_STOCK], [PROD_FECHAVEN], [PROD_IMG], [FECH_CREA], [EST]) VALUES (39, 2, 7, N'hajisnto', N'dawd', 7, 8, CAST(123.00 AS Numeric(18, 2)), CAST(123.00 AS Numeric(18, 2)), 12, NULL, NULL, CAST(N'2023-10-18T17:39:32.770' AS DateTime), 1)
GO
INSERT [dbo].[TM_PRODUCTO] ([PROD_ID], [SUC_ID], [CAT_ID], [PROD_NOM], [PROD_DESCRIP], [UND_ID], [MON_ID], [PROD_PCOMPRA], [PROD_PVENTA], [PROD_STOCK], [PROD_FECHAVEN], [PROD_IMG], [FECH_CREA], [EST]) VALUES (1002, 1, 1004, N'PP', N'NSOE', 2, 3, CAST(123.00 AS Numeric(18, 2)), CAST(123.00 AS Numeric(18, 2)), 12, NULL, NULL, CAST(N'2023-10-19T09:03:32.360' AS DateTime), 1)
GO
INSERT [dbo].[TM_PRODUCTO] ([PROD_ID], [SUC_ID], [CAT_ID], [PROD_NOM], [PROD_DESCRIP], [UND_ID], [MON_ID], [PROD_PCOMPRA], [PROD_PVENTA], [PROD_STOCK], [PROD_FECHAVEN], [PROD_IMG], [FECH_CREA], [EST]) VALUES (2002, 1, 1003, N'UESO DE VACA', N'MKMKMKMK', 3, 3, CAST(3.00 AS Numeric(18, 2)), CAST(4.00 AS Numeric(18, 2)), 9, NULL, NULL, CAST(N'2023-10-20T13:34:20.360' AS DateTime), 1)
GO
INSERT [dbo].[TM_PRODUCTO] ([PROD_ID], [SUC_ID], [CAT_ID], [PROD_NOM], [PROD_DESCRIP], [UND_ID], [MON_ID], [PROD_PCOMPRA], [PROD_PVENTA], [PROD_STOCK], [PROD_FECHAVEN], [PROD_IMG], [FECH_CREA], [EST]) VALUES (3002, 1, 1, N'PEPERONI', N'SIEMPRE PEPE NO RONI', 4, 3, CAST(3.00 AS Numeric(18, 2)), CAST(4.00 AS Numeric(18, 2)), -44, NULL, NULL, CAST(N'2023-10-24T15:12:51.080' AS DateTime), 1)
GO
INSERT [dbo].[TM_PRODUCTO] ([PROD_ID], [SUC_ID], [CAT_ID], [PROD_NOM], [PROD_DESCRIP], [UND_ID], [MON_ID], [PROD_PCOMPRA], [PROD_PVENTA], [PROD_STOCK], [PROD_FECHAVEN], [PROD_IMG], [FECH_CREA], [EST]) VALUES (3003, 1, 2, N'ww', N'33', 2, 3, CAST(3.00 AS Numeric(18, 2)), CAST(3.00 AS Numeric(18, 2)), 3, NULL, NULL, CAST(N'2023-10-24T15:53:20.123' AS DateTime), 1)
GO
INSERT [dbo].[TM_PRODUCTO] ([PROD_ID], [SUC_ID], [CAT_ID], [PROD_NOM], [PROD_DESCRIP], [UND_ID], [MON_ID], [PROD_PCOMPRA], [PROD_PVENTA], [PROD_STOCK], [PROD_FECHAVEN], [PROD_IMG], [FECH_CREA], [EST]) VALUES (3004, 1, 1003, N'123', N'123', 3, 4, CAST(12.00 AS Numeric(18, 2)), CAST(12.00 AS Numeric(18, 2)), 12, NULL, N'', CAST(N'2023-10-24T16:01:47.980' AS DateTime), 1)
GO
INSERT [dbo].[TM_PRODUCTO] ([PROD_ID], [SUC_ID], [CAT_ID], [PROD_NOM], [PROD_DESCRIP], [UND_ID], [MON_ID], [PROD_PCOMPRA], [PROD_PVENTA], [PROD_STOCK], [PROD_FECHAVEN], [PROD_IMG], [FECH_CREA], [EST]) VALUES (3005, 1, 3003, N'Q', N'Q', 2, 3, CAST(12.00 AS Numeric(18, 2)), CAST(12.00 AS Numeric(18, 2)), 27, NULL, N'', CAST(N'2023-10-25T09:17:41.967' AS DateTime), 1)
GO
INSERT [dbo].[TM_PRODUCTO] ([PROD_ID], [SUC_ID], [CAT_ID], [PROD_NOM], [PROD_DESCRIP], [UND_ID], [MON_ID], [PROD_PCOMPRA], [PROD_PVENTA], [PROD_STOCK], [PROD_FECHAVEN], [PROD_IMG], [FECH_CREA], [EST]) VALUES (3006, 3, 12, N'aw', N'awd', 17, 13, CAST(12.00 AS Numeric(18, 2)), CAST(12.00 AS Numeric(18, 2)), 119, NULL, N'', CAST(N'2023-10-25T12:43:31.327' AS DateTime), 1)
GO
INSERT [dbo].[TM_PRODUCTO] ([PROD_ID], [SUC_ID], [CAT_ID], [PROD_NOM], [PROD_DESCRIP], [UND_ID], [MON_ID], [PROD_PCOMPRA], [PROD_PVENTA], [PROD_STOCK], [PROD_FECHAVEN], [PROD_IMG], [FECH_CREA], [EST]) VALUES (3007, 5, 20, N'eee', N'eee', 15, 19, CAST(12.00 AS Numeric(18, 2)), CAST(12.00 AS Numeric(18, 2)), 12, NULL, N'', CAST(N'2023-10-25T12:57:11.110' AS DateTime), 1)
GO
INSERT [dbo].[TM_PRODUCTO] ([PROD_ID], [SUC_ID], [CAT_ID], [PROD_NOM], [PROD_DESCRIP], [UND_ID], [MON_ID], [PROD_PCOMPRA], [PROD_PVENTA], [PROD_STOCK], [PROD_FECHAVEN], [PROD_IMG], [FECH_CREA], [EST]) VALUES (3008, 5, 18, N'qwe', N'qwe', 13, 19, CAST(12.00 AS Numeric(18, 2)), CAST(123.00 AS Numeric(18, 2)), -9, NULL, N'', CAST(N'2023-10-25T12:57:24.257' AS DateTime), 1)
GO
SET IDENTITY_INSERT [dbo].[TM_PRODUCTO] OFF
GO
SET IDENTITY_INSERT [dbo].[TM_PROVEEDOR] ON 
GO
INSERT [dbo].[TM_PROVEEDOR] ([PROV_ID], [EMP_ID], [PROV_NOM], [PROV_RUC], [PROV_TELF], [PROV_DIRECC], [PROV_CORREO], [FECH_CREA], [EST]) VALUES (1009, 1, N'prov1', N'123123123', N'587645674', N'Av. Universitaria', N'prov1@gmail.com', CAST(N'2023-10-17T21:04:11.033' AS DateTime), 1)
GO
INSERT [dbo].[TM_PROVEEDOR] ([PROV_ID], [EMP_ID], [PROV_NOM], [PROV_RUC], [PROV_TELF], [PROV_DIRECC], [PROV_CORREO], [FECH_CREA], [EST]) VALUES (1010, 2, N'prov2', N'12312312', N'765756753', N'Av. Universitaria', N'prov2@gmail.com', CAST(N'2023-10-17T21:05:06.790' AS DateTime), 1)
GO
INSERT [dbo].[TM_PROVEEDOR] ([PROV_ID], [EMP_ID], [PROV_NOM], [PROV_RUC], [PROV_TELF], [PROV_DIRECC], [PROV_CORREO], [FECH_CREA], [EST]) VALUES (1011, 3, N'prov5', N'1231231231', N'875586567', N'Av. Universitaria', N'prov5@gmail.com', CAST(N'2023-10-17T21:06:06.427' AS DateTime), 1)
GO
INSERT [dbo].[TM_PROVEEDOR] ([PROV_ID], [EMP_ID], [PROV_NOM], [PROV_RUC], [PROV_TELF], [PROV_DIRECC], [PROV_CORREO], [FECH_CREA], [EST]) VALUES (1012, 1, N'eweq', N'12312312', N'867857547', N'Av. Universitaria', N'prov2deempresa1@gmail.com', CAST(N'2023-10-17T21:08:43.183' AS DateTime), 0)
GO
INSERT [dbo].[TM_PROVEEDOR] ([PROV_ID], [EMP_ID], [PROV_NOM], [PROV_RUC], [PROV_TELF], [PROV_DIRECC], [PROV_CORREO], [FECH_CREA], [EST]) VALUES (1013, 1, N'prov2', N'23467263742', N'9876543321', N'SHIRINGAL B', N'prov2@gmail.com', CAST(N'2023-10-20T09:20:36.620' AS DateTime), 1)
GO
INSERT [dbo].[TM_PROVEEDOR] ([PROV_ID], [EMP_ID], [PROV_NOM], [PROV_RUC], [PROV_TELF], [PROV_DIRECC], [PROV_CORREO], [FECH_CREA], [EST]) VALUES (1014, 1, N'Naruto', N'987654321', N'9834534', N'augusto beleguia', N'naruto@gmail.com', CAST(N'2023-10-24T22:46:03.973' AS DateTime), 1)
GO
SET IDENTITY_INSERT [dbo].[TM_PROVEEDOR] OFF
GO
SET IDENTITY_INSERT [dbo].[TM_ROL] ON 
GO
INSERT [dbo].[TM_ROL] ([ROL_ID], [SUC_ID], [ROL_NOM], [FECH_CREA], [EST]) VALUES (1, 1, N'administrador', CAST(N'2023-10-18T17:41:17.510' AS DateTime), 1)
GO
INSERT [dbo].[TM_ROL] ([ROL_ID], [SUC_ID], [ROL_NOM], [FECH_CREA], [EST]) VALUES (2, 2, N'soporte', CAST(N'2023-10-18T17:41:17.510' AS DateTime), 1)
GO
INSERT [dbo].[TM_ROL] ([ROL_ID], [SUC_ID], [ROL_NOM], [FECH_CREA], [EST]) VALUES (1002, 1, N'soportee', CAST(N'2023-10-18T18:11:56.897' AS DateTime), 0)
GO
INSERT [dbo].[TM_ROL] ([ROL_ID], [SUC_ID], [ROL_NOM], [FECH_CREA], [EST]) VALUES (1003, 2, N'administrador', CAST(N'2023-10-18T18:11:56.897' AS DateTime), 1)
GO
INSERT [dbo].[TM_ROL] ([ROL_ID], [SUC_ID], [ROL_NOM], [FECH_CREA], [EST]) VALUES (1004, 1, N'CompradoR', CAST(N'2023-10-18T18:27:39.353' AS DateTime), 0)
GO
INSERT [dbo].[TM_ROL] ([ROL_ID], [SUC_ID], [ROL_NOM], [FECH_CREA], [EST]) VALUES (2002, 1, N'Superr', CAST(N'2023-10-24T20:53:45.603' AS DateTime), 1)
GO
INSERT [dbo].[TM_ROL] ([ROL_ID], [SUC_ID], [ROL_NOM], [FECH_CREA], [EST]) VALUES (2003, 1, N'nios', CAST(N'2023-10-24T20:54:20.870' AS DateTime), 0)
GO
INSERT [dbo].[TM_ROL] ([ROL_ID], [SUC_ID], [ROL_NOM], [FECH_CREA], [EST]) VALUES (2004, 1, N'comprador', CAST(N'2023-10-24T21:12:06.537' AS DateTime), 1)
GO
INSERT [dbo].[TM_ROL] ([ROL_ID], [SUC_ID], [ROL_NOM], [FECH_CREA], [EST]) VALUES (2005, 1, N'soporte', CAST(N'2023-10-24T21:12:20.457' AS DateTime), 1)
GO
INSERT [dbo].[TM_ROL] ([ROL_ID], [SUC_ID], [ROL_NOM], [FECH_CREA], [EST]) VALUES (2006, 1, N'Mantenimiento', CAST(N'2023-10-30T11:45:54.330' AS DateTime), 1)
GO
SET IDENTITY_INSERT [dbo].[TM_ROL] OFF
GO
SET IDENTITY_INSERT [dbo].[TM_SUCURSAL] ON 
GO
INSERT [dbo].[TM_SUCURSAL] ([SUC_ID], [EMP_ID], [SUC_NOM], [FECH_CREA], [EST]) VALUES (1, 1, N'SUCURSAL 1 ', CAST(N'2023-09-20T15:00:11.030' AS DateTime), 1)
GO
INSERT [dbo].[TM_SUCURSAL] ([SUC_ID], [EMP_ID], [SUC_NOM], [FECH_CREA], [EST]) VALUES (2, 1, N'SUCURSAL 2', CAST(N'2023-09-20T15:00:11.030' AS DateTime), 1)
GO
INSERT [dbo].[TM_SUCURSAL] ([SUC_ID], [EMP_ID], [SUC_NOM], [FECH_CREA], [EST]) VALUES (3, 2, N'SUCURSAL 3', CAST(N'2023-09-20T15:00:11.030' AS DateTime), 1)
GO
INSERT [dbo].[TM_SUCURSAL] ([SUC_ID], [EMP_ID], [SUC_NOM], [FECH_CREA], [EST]) VALUES (4, 2, N'SUCURSAL 4', CAST(N'2023-09-20T15:00:11.030' AS DateTime), 1)
GO
INSERT [dbo].[TM_SUCURSAL] ([SUC_ID], [EMP_ID], [SUC_NOM], [FECH_CREA], [EST]) VALUES (5, 3, N'SUCURSAL 5', CAST(N'2023-09-20T15:00:11.030' AS DateTime), 1)
GO
INSERT [dbo].[TM_SUCURSAL] ([SUC_ID], [EMP_ID], [SUC_NOM], [FECH_CREA], [EST]) VALUES (9, 3, N'SUCURSAL 6', CAST(N'2023-09-20T15:00:11.030' AS DateTime), 1)
GO
INSERT [dbo].[TM_SUCURSAL] ([SUC_ID], [EMP_ID], [SUC_NOM], [FECH_CREA], [EST]) VALUES (1002, 1002, N'SUCURSAL 7', CAST(N'2023-10-12T09:50:45.543' AS DateTime), 1)
GO
INSERT [dbo].[TM_SUCURSAL] ([SUC_ID], [EMP_ID], [SUC_NOM], [FECH_CREA], [EST]) VALUES (1003, 2002, N'SUCURSAL 8', CAST(N'2023-10-12T09:54:33.453' AS DateTime), 1)
GO
SET IDENTITY_INSERT [dbo].[TM_SUCURSAL] OFF
GO
SET IDENTITY_INSERT [dbo].[TM_UNIDAD] ON 
GO
INSERT [dbo].[TM_UNIDAD] ([UND_ID], [SUC_ID], [UND_NOM], [FECH_CREA], [EST]) VALUES (1, 1, N'cajas', CAST(N'2023-10-12T08:30:02.170' AS DateTime), 1)
GO
INSERT [dbo].[TM_UNIDAD] ([UND_ID], [SUC_ID], [UND_NOM], [FECH_CREA], [EST]) VALUES (2, 1, N'kilo', CAST(N'2023-10-12T08:30:02.170' AS DateTime), 1)
GO
INSERT [dbo].[TM_UNIDAD] ([UND_ID], [SUC_ID], [UND_NOM], [FECH_CREA], [EST]) VALUES (3, 1, N'CAJA', CAST(N'2023-10-12T08:30:02.170' AS DateTime), 1)
GO
INSERT [dbo].[TM_UNIDAD] ([UND_ID], [SUC_ID], [UND_NOM], [FECH_CREA], [EST]) VALUES (4, 1, N'docena', CAST(N'2023-10-12T08:30:02.170' AS DateTime), 1)
GO
INSERT [dbo].[TM_UNIDAD] ([UND_ID], [SUC_ID], [UND_NOM], [FECH_CREA], [EST]) VALUES (5, 1, N'unidad', CAST(N'2023-10-12T08:30:02.170' AS DateTime), 1)
GO
INSERT [dbo].[TM_UNIDAD] ([UND_ID], [SUC_ID], [UND_NOM], [FECH_CREA], [EST]) VALUES (6, 2, N'docena', CAST(N'2023-10-12T08:30:02.170' AS DateTime), 1)
GO
INSERT [dbo].[TM_UNIDAD] ([UND_ID], [SUC_ID], [UND_NOM], [FECH_CREA], [EST]) VALUES (7, 2, N'caja', CAST(N'2023-10-12T08:30:02.170' AS DateTime), 1)
GO
INSERT [dbo].[TM_UNIDAD] ([UND_ID], [SUC_ID], [UND_NOM], [FECH_CREA], [EST]) VALUES (8, 2, N'por mayor', CAST(N'2023-10-12T08:30:02.170' AS DateTime), 1)
GO
INSERT [dbo].[TM_UNIDAD] ([UND_ID], [SUC_ID], [UND_NOM], [FECH_CREA], [EST]) VALUES (9, 2, N'unidad', CAST(N'2023-10-12T08:30:02.170' AS DateTime), 1)
GO
INSERT [dbo].[TM_UNIDAD] ([UND_ID], [SUC_ID], [UND_NOM], [FECH_CREA], [EST]) VALUES (10, 2, N'docena', CAST(N'2023-10-12T08:30:02.170' AS DateTime), 1)
GO
INSERT [dbo].[TM_UNIDAD] ([UND_ID], [SUC_ID], [UND_NOM], [FECH_CREA], [EST]) VALUES (11, 3, N'decena', CAST(N'2023-10-12T08:30:02.170' AS DateTime), 1)
GO
INSERT [dbo].[TM_UNIDAD] ([UND_ID], [SUC_ID], [UND_NOM], [FECH_CREA], [EST]) VALUES (12, 4, N'milesima', CAST(N'2023-10-12T08:30:02.170' AS DateTime), 1)
GO
INSERT [dbo].[TM_UNIDAD] ([UND_ID], [SUC_ID], [UND_NOM], [FECH_CREA], [EST]) VALUES (13, 5, N'xddocena', CAST(N'2023-10-12T08:30:02.170' AS DateTime), 1)
GO
INSERT [dbo].[TM_UNIDAD] ([UND_ID], [SUC_ID], [UND_NOM], [FECH_CREA], [EST]) VALUES (14, 6, N'caja', CAST(N'2023-10-12T08:30:02.170' AS DateTime), 1)
GO
INSERT [dbo].[TM_UNIDAD] ([UND_ID], [SUC_ID], [UND_NOM], [FECH_CREA], [EST]) VALUES (15, 5, N'caja', CAST(N'2023-10-12T08:30:02.170' AS DateTime), 1)
GO
INSERT [dbo].[TM_UNIDAD] ([UND_ID], [SUC_ID], [UND_NOM], [FECH_CREA], [EST]) VALUES (16, 4, N'caja', CAST(N'2023-10-12T08:30:02.170' AS DateTime), 1)
GO
INSERT [dbo].[TM_UNIDAD] ([UND_ID], [SUC_ID], [UND_NOM], [FECH_CREA], [EST]) VALUES (17, 3, N'caja', CAST(N'2023-10-12T08:30:02.170' AS DateTime), 1)
GO
INSERT [dbo].[TM_UNIDAD] ([UND_ID], [SUC_ID], [UND_NOM], [FECH_CREA], [EST]) VALUES (18, 3, N'unidad', CAST(N'2023-10-12T08:30:02.170' AS DateTime), 1)
GO
INSERT [dbo].[TM_UNIDAD] ([UND_ID], [SUC_ID], [UND_NOM], [FECH_CREA], [EST]) VALUES (19, 1, N'MONTONES', CAST(N'2023-10-12T08:42:18.920' AS DateTime), 1)
GO
SET IDENTITY_INSERT [dbo].[TM_UNIDAD] OFF
GO
SET IDENTITY_INSERT [dbo].[TM_USUARIO] ON 
GO
INSERT [dbo].[TM_USUARIO] ([USU_ID], [SUC_ID], [USU_CORREO], [USU_NOM], [USU_APE], [USU_DNI], [USU_TELF], [USU_PASS], [ROL_ID], [USU_IMG], [FECH_CREA], [EST]) VALUES (1, 1, N'suc1@gmail.com', N'Hans', N'Taricuarima', N'12342342342', N'234', N'123', 1, N'206031916.jpg', CAST(N'2023-09-20T16:23:52.807' AS DateTime), 1)
GO
INSERT [dbo].[TM_USUARIO] ([USU_ID], [SUC_ID], [USU_CORREO], [USU_NOM], [USU_APE], [USU_DNI], [USU_TELF], [USU_PASS], [ROL_ID], [USU_IMG], [FECH_CREA], [EST]) VALUES (2, 2, N'suc2@gmail.com', N'usu 2', N'ape 2', N'2', N'1242', N'123', 2, NULL, CAST(N'2023-09-20T16:23:52.807' AS DateTime), 1)
GO
INSERT [dbo].[TM_USUARIO] ([USU_ID], [SUC_ID], [USU_CORREO], [USU_NOM], [USU_APE], [USU_DNI], [USU_TELF], [USU_PASS], [ROL_ID], [USU_IMG], [FECH_CREA], [EST]) VALUES (3, 3, N'suc3@gmail.com', N'usu 3', N'ape 3', N'3', N'123', N'123', 1, NULL, CAST(N'2023-09-20T16:23:52.807' AS DateTime), 1)
GO
INSERT [dbo].[TM_USUARIO] ([USU_ID], [SUC_ID], [USU_CORREO], [USU_NOM], [USU_APE], [USU_DNI], [USU_TELF], [USU_PASS], [ROL_ID], [USU_IMG], [FECH_CREA], [EST]) VALUES (4, 4, N'suc4@gmail.com', N'usu 4', N'ape 4', N'4', N'1232', N'123', 2, NULL, CAST(N'2023-09-20T16:23:52.807' AS DateTime), 1)
GO
INSERT [dbo].[TM_USUARIO] ([USU_ID], [SUC_ID], [USU_CORREO], [USU_NOM], [USU_APE], [USU_DNI], [USU_TELF], [USU_PASS], [ROL_ID], [USU_IMG], [FECH_CREA], [EST]) VALUES (5, 5, N'suc5@gmail.com', N'usu 5', N'ape 5', N'5', N'123', N'123', 1, NULL, CAST(N'2023-09-20T16:23:52.807' AS DateTime), 1)
GO
INSERT [dbo].[TM_USUARIO] ([USU_ID], [SUC_ID], [USU_CORREO], [USU_NOM], [USU_APE], [USU_DNI], [USU_TELF], [USU_PASS], [ROL_ID], [USU_IMG], [FECH_CREA], [EST]) VALUES (6, 9, N'suc6@gmail.com', N'usu 6', N'ape 6', N'6', N'232', N'123', 2, NULL, CAST(N'2023-09-20T16:23:52.807' AS DateTime), 1)
GO
INSERT [dbo].[TM_USUARIO] ([USU_ID], [SUC_ID], [USU_CORREO], [USU_NOM], [USU_APE], [USU_DNI], [USU_TELF], [USU_PASS], [ROL_ID], [USU_IMG], [FECH_CREA], [EST]) VALUES (1002, 1, N'losbxdxd@gmail.com', N'Hans', N'Taricuarima Huansi', N'65464564', N'46456456', N'123', 1, NULL, CAST(N'2023-10-18T18:07:05.347' AS DateTime), 1)
GO
INSERT [dbo].[TM_USUARIO] ([USU_ID], [SUC_ID], [USU_CORREO], [USU_NOM], [USU_APE], [USU_DNI], [USU_TELF], [USU_PASS], [ROL_ID], [USU_IMG], [FECH_CREA], [EST]) VALUES (1003, 1, N'taricuaoafas@gmail.com', N'hansd', N'asdf', N'45345353', N'36345345', N'123', 1, N'437570866.jpg', CAST(N'2023-10-24T19:06:10.067' AS DateTime), 1)
GO
INSERT [dbo].[TM_USUARIO] ([USU_ID], [SUC_ID], [USU_CORREO], [USU_NOM], [USU_APE], [USU_DNI], [USU_TELF], [USU_PASS], [ROL_ID], [USU_IMG], [FECH_CREA], [EST]) VALUES (1004, 1, N'suc10@gmail.com', N'PEPE', N'PEPERONI', N'39748234', N'457843', N'123', 1002, N'', CAST(N'2023-10-24T20:53:24.190' AS DateTime), 1)
GO
INSERT [dbo].[TM_USUARIO] ([USU_ID], [SUC_ID], [USU_CORREO], [USU_NOM], [USU_APE], [USU_DNI], [USU_TELF], [USU_PASS], [ROL_ID], [USU_IMG], [FECH_CREA], [EST]) VALUES (1005, 1, N'n1@gmail.com', N'nios', N'itrios', N'234234', N'32423', N'123', 2003, N'', CAST(N'2023-10-24T20:55:00.933' AS DateTime), 1)
GO
SET IDENTITY_INSERT [dbo].[TM_USUARIO] OFF
GO
SET IDENTITY_INSERT [dbo].[TM_VENTA] ON 
GO
INSERT [dbo].[TM_VENTA] ([VENT_ID], [SUC_ID], [PAG_ID], [CLI_ID], [CLI_RUC], [CLI_DIRECC], [CLI_CORREO], [VENT_SUBTOTAL], [VENT_IGV], [VENT_TOTAL], [VENT_COMENT], [USU_ID], [MON_ID], [DOC_ID], [FECH_CREA], [EST]) VALUES (1, 1, 2, 15, N'34234234', N'faadawd', N'ajd@gmail.com', CAST(72.00 AS Numeric(18, 2)), CAST(12.96 AS Numeric(18, 2)), CAST(84.96 AS Numeric(18, 2)), N'WQ', 1, 4, 4, CAST(N'2023-10-25T11:22:30.703' AS DateTime), 1)
GO
INSERT [dbo].[TM_VENTA] ([VENT_ID], [SUC_ID], [PAG_ID], [CLI_ID], [CLI_RUC], [CLI_DIRECC], [CLI_CORREO], [VENT_SUBTOTAL], [VENT_IGV], [VENT_TOTAL], [VENT_COMENT], [USU_ID], [MON_ID], [DOC_ID], [FECH_CREA], [EST]) VALUES (2, 1, NULL, NULL, NULL, NULL, NULL, NULL, NULL, NULL, NULL, 1, NULL, NULL, NULL, 2)
GO
INSERT [dbo].[TM_VENTA] ([VENT_ID], [SUC_ID], [PAG_ID], [CLI_ID], [CLI_RUC], [CLI_DIRECC], [CLI_CORREO], [VENT_SUBTOTAL], [VENT_IGV], [VENT_TOTAL], [VENT_COMENT], [USU_ID], [MON_ID], [DOC_ID], [FECH_CREA], [EST]) VALUES (3, 3, NULL, NULL, NULL, NULL, NULL, NULL, NULL, NULL, NULL, 3, NULL, NULL, NULL, 2)
GO
INSERT [dbo].[TM_VENTA] ([VENT_ID], [SUC_ID], [PAG_ID], [CLI_ID], [CLI_RUC], [CLI_DIRECC], [CLI_CORREO], [VENT_SUBTOTAL], [VENT_IGV], [VENT_TOTAL], [VENT_COMENT], [USU_ID], [MON_ID], [DOC_ID], [FECH_CREA], [EST]) VALUES (4, 3, 1, 5, N'3242343242342', N'fgjhfdjhsdfsdf', N'cli5@gmail.com', CAST(228.00 AS Numeric(18, 2)), CAST(41.04 AS Numeric(18, 2)), CAST(269.04 AS Numeric(18, 2)), N'', 3, 13, 5, CAST(N'2023-10-25T12:43:54.093' AS DateTime), 1)
GO
INSERT [dbo].[TM_VENTA] ([VENT_ID], [SUC_ID], [PAG_ID], [CLI_ID], [CLI_RUC], [CLI_DIRECC], [CLI_CORREO], [VENT_SUBTOTAL], [VENT_IGV], [VENT_TOTAL], [VENT_COMENT], [USU_ID], [MON_ID], [DOC_ID], [FECH_CREA], [EST]) VALUES (5, 5, NULL, NULL, NULL, NULL, NULL, NULL, NULL, NULL, NULL, 5, NULL, NULL, NULL, 2)
GO
INSERT [dbo].[TM_VENTA] ([VENT_ID], [SUC_ID], [PAG_ID], [CLI_ID], [CLI_RUC], [CLI_DIRECC], [CLI_CORREO], [VENT_SUBTOTAL], [VENT_IGV], [VENT_TOTAL], [VENT_COMENT], [USU_ID], [MON_ID], [DOC_ID], [FECH_CREA], [EST]) VALUES (6, 5, 2, 3, N'3242343242342', N'fgjhfdjhsdfsdf', N'cli3@gmail.com', CAST(2583.00 AS Numeric(18, 2)), CAST(464.94 AS Numeric(18, 2)), CAST(3047.94 AS Numeric(18, 2)), N'q', 5, 20, 4, CAST(N'2023-10-25T12:57:51.220' AS DateTime), 1)
GO
INSERT [dbo].[TM_VENTA] ([VENT_ID], [SUC_ID], [PAG_ID], [CLI_ID], [CLI_RUC], [CLI_DIRECC], [CLI_CORREO], [VENT_SUBTOTAL], [VENT_IGV], [VENT_TOTAL], [VENT_COMENT], [USU_ID], [MON_ID], [DOC_ID], [FECH_CREA], [EST]) VALUES (7, 1, NULL, NULL, NULL, NULL, NULL, NULL, NULL, NULL, NULL, 1, NULL, NULL, NULL, 2)
GO
INSERT [dbo].[TM_VENTA] ([VENT_ID], [SUC_ID], [PAG_ID], [CLI_ID], [CLI_RUC], [CLI_DIRECC], [CLI_CORREO], [VENT_SUBTOTAL], [VENT_IGV], [VENT_TOTAL], [VENT_COMENT], [USU_ID], [MON_ID], [DOC_ID], [FECH_CREA], [EST]) VALUES (8, 1, 1, 11, N'3242343242342', N'fgjhfdjhsdfsdf', N'cli11@gmail.com', CAST(64.00 AS Numeric(18, 2)), CAST(11.52 AS Numeric(18, 2)), CAST(75.52 AS Numeric(18, 2)), N'', 1, 1, 4, CAST(N'2023-11-12T20:36:27.527' AS DateTime), 1)
GO
INSERT [dbo].[TM_VENTA] ([VENT_ID], [SUC_ID], [PAG_ID], [CLI_ID], [CLI_RUC], [CLI_DIRECC], [CLI_CORREO], [VENT_SUBTOTAL], [VENT_IGV], [VENT_TOTAL], [VENT_COMENT], [USU_ID], [MON_ID], [DOC_ID], [FECH_CREA], [EST]) VALUES (9, 1, 1, 11, N'3242343242342', N'fgjhfdjhsdfsdf', N'cli11@gmail.com', CAST(60.00 AS Numeric(18, 2)), CAST(10.80 AS Numeric(18, 2)), CAST(70.80 AS Numeric(18, 2)), N'', 1, 3, 4, CAST(N'2023-11-12T20:38:40.020' AS DateTime), 1)
GO
INSERT [dbo].[TM_VENTA] ([VENT_ID], [SUC_ID], [PAG_ID], [CLI_ID], [CLI_RUC], [CLI_DIRECC], [CLI_CORREO], [VENT_SUBTOTAL], [VENT_IGV], [VENT_TOTAL], [VENT_COMENT], [USU_ID], [MON_ID], [DOC_ID], [FECH_CREA], [EST]) VALUES (10, 1, 1, 11, N'3242343242342', N'fgjhfdjhsdfsdf', N'cli11@gmail.com', CAST(24.00 AS Numeric(18, 2)), CAST(4.32 AS Numeric(18, 2)), CAST(28.32 AS Numeric(18, 2)), N'', 1, 3, 4, CAST(N'2023-11-12T21:22:48.507' AS DateTime), 1)
GO
INSERT [dbo].[TM_VENTA] ([VENT_ID], [SUC_ID], [PAG_ID], [CLI_ID], [CLI_RUC], [CLI_DIRECC], [CLI_CORREO], [VENT_SUBTOTAL], [VENT_IGV], [VENT_TOTAL], [VENT_COMENT], [USU_ID], [MON_ID], [DOC_ID], [FECH_CREA], [EST]) VALUES (1009, 1, 2, 11, N'3242343242342', N'fgjhfdjhsdfsdf', N'cli11@gmail.com', CAST(280.00 AS Numeric(18, 2)), CAST(50.40 AS Numeric(18, 2)), CAST(330.40 AS Numeric(18, 2)), N'', 1, 1, 4, CAST(N'2023-11-13T16:07:29.720' AS DateTime), 1)
GO
INSERT [dbo].[TM_VENTA] ([VENT_ID], [SUC_ID], [PAG_ID], [CLI_ID], [CLI_RUC], [CLI_DIRECC], [CLI_CORREO], [VENT_SUBTOTAL], [VENT_IGV], [VENT_TOTAL], [VENT_COMENT], [USU_ID], [MON_ID], [DOC_ID], [FECH_CREA], [EST]) VALUES (1010, 1, NULL, NULL, NULL, NULL, NULL, NULL, NULL, NULL, NULL, 1, NULL, NULL, NULL, 2)
GO
INSERT [dbo].[TM_VENTA] ([VENT_ID], [SUC_ID], [PAG_ID], [CLI_ID], [CLI_RUC], [CLI_DIRECC], [CLI_CORREO], [VENT_SUBTOTAL], [VENT_IGV], [VENT_TOTAL], [VENT_COMENT], [USU_ID], [MON_ID], [DOC_ID], [FECH_CREA], [EST]) VALUES (1011, 1, 2, 11, N'3242343242342', N'fgjhfdjhsdfsdf', N'cli11@gmail.com', CAST(24.00 AS Numeric(18, 2)), CAST(4.32 AS Numeric(18, 2)), CAST(28.32 AS Numeric(18, 2)), N'awwww', 1, 3, 4, CAST(N'2023-11-14T12:02:05.050' AS DateTime), 1)
GO
INSERT [dbo].[TM_VENTA] ([VENT_ID], [SUC_ID], [PAG_ID], [CLI_ID], [CLI_RUC], [CLI_DIRECC], [CLI_CORREO], [VENT_SUBTOTAL], [VENT_IGV], [VENT_TOTAL], [VENT_COMENT], [USU_ID], [MON_ID], [DOC_ID], [FECH_CREA], [EST]) VALUES (1012, 1, NULL, NULL, NULL, NULL, NULL, NULL, NULL, NULL, NULL, 1, NULL, NULL, NULL, 2)
GO
INSERT [dbo].[TM_VENTA] ([VENT_ID], [SUC_ID], [PAG_ID], [CLI_ID], [CLI_RUC], [CLI_DIRECC], [CLI_CORREO], [VENT_SUBTOTAL], [VENT_IGV], [VENT_TOTAL], [VENT_COMENT], [USU_ID], [MON_ID], [DOC_ID], [FECH_CREA], [EST]) VALUES (1013, 1, NULL, NULL, NULL, NULL, NULL, NULL, NULL, NULL, NULL, 1, NULL, NULL, NULL, 2)
GO
INSERT [dbo].[TM_VENTA] ([VENT_ID], [SUC_ID], [PAG_ID], [CLI_ID], [CLI_RUC], [CLI_DIRECC], [CLI_CORREO], [VENT_SUBTOTAL], [VENT_IGV], [VENT_TOTAL], [VENT_COMENT], [USU_ID], [MON_ID], [DOC_ID], [FECH_CREA], [EST]) VALUES (1014, 1, 1, 11, N'3242343242342', N'fgjhfdjhsdfsdf', N'cli11@gmail.com', CAST(24.00 AS Numeric(18, 2)), CAST(4.32 AS Numeric(18, 2)), CAST(28.32 AS Numeric(18, 2)), N'sss', 1, 1, 4, CAST(N'2023-11-22T19:39:20.350' AS DateTime), 1)
GO
SET IDENTITY_INSERT [dbo].[TM_VENTA] OFF
GO
ALTER TABLE [dbo].[TM_COMPRA] ADD  CONSTRAINT [DF_TM_COMPRA_COMPR_SUBTOTAL]  DEFAULT ((0)) FOR [COMPR_SUBTOTAL]
GO
ALTER TABLE [dbo].[TM_COMPRA] ADD  CONSTRAINT [DF_TM_COMPRA_COMPR_IGV]  DEFAULT ((0)) FOR [COMPR_IGV]
GO
ALTER TABLE [dbo].[TM_COMPRA] ADD  CONSTRAINT [DF_TM_COMPRA_COMPR_TOTAL]  DEFAULT ((0)) FOR [COMPR_TOTAL]
GO
ALTER TABLE [dbo].[TM_EMPRESA]  WITH CHECK ADD  CONSTRAINT [FK_TM_EMPRESA_TM_COMPANIA] FOREIGN KEY([COM_ID])
REFERENCES [dbo].[TM_COMPANIA] ([COM_ID])
GO
ALTER TABLE [dbo].[TM_EMPRESA] CHECK CONSTRAINT [FK_TM_EMPRESA_TM_COMPANIA]
GO
ALTER TABLE [dbo].[TM_SUCURSAL]  WITH CHECK ADD  CONSTRAINT [FK_TM_SUCURSAL_TM_EMPRESA] FOREIGN KEY([EMP_ID])
REFERENCES [dbo].[TM_EMPRESA] ([EMP_ID])
GO
ALTER TABLE [dbo].[TM_SUCURSAL] CHECK CONSTRAINT [FK_TM_SUCURSAL_TM_EMPRESA]
GO
/****** Object:  StoredProcedure [dbo].[SP_D_CATEGORIA_01]    Script Date: 25/11/2023 13:44:42 ******/
SET ANSI_NULLS ON
GO
SET QUOTED_IDENTIFIER ON
GO
CREATE PROCEDURE [dbo].[SP_D_CATEGORIA_01]
@CAT_ID INT
AS
BEGIN
	UPDATE TM_CATEGORIA
	SET
		EST=0
	WHERE
		CAT_ID = @CAT_ID
END
GO
/****** Object:  StoredProcedure [dbo].[SP_D_CLIENTE_01]    Script Date: 25/11/2023 13:44:42 ******/
SET ANSI_NULLS ON
GO
SET QUOTED_IDENTIFIER ON
GO
CREATE PROCEDURE [dbo].[SP_D_CLIENTE_01]
@CLI_ID INT
AS
BEGIN
	UPDATE TM_CLIENTE
	SET
		EST=0
	WHERE
		CLI_ID = @CLI_ID
END
GO
/****** Object:  StoredProcedure [dbo].[SP_D_COMPANIA_01]    Script Date: 25/11/2023 13:44:42 ******/
SET ANSI_NULLS ON
GO
SET QUOTED_IDENTIFIER ON
GO
CREATE PROCEDURE [dbo].[SP_D_COMPANIA_01]
@COM_ID INT
AS
BEGIN
	UPDATE TM_COMPANIA
	SET
		EST=0
	WHERE
		COM_ID = @COM_ID
END
GO
/****** Object:  StoredProcedure [dbo].[SP_D_COMPRA_01]    Script Date: 25/11/2023 13:44:42 ******/
SET ANSI_NULLS ON
GO
SET QUOTED_IDENTIFIER ON
GO
CREATE PROCEDURE [dbo].[SP_D_COMPRA_01]
@DETC_ID INT
AS
BEGIN
	UPDATE TD_COMPRA_DETALLE
	SET
		EST=0
	WHERE
		DETC_ID = @DETC_ID
END
GO
/****** Object:  StoredProcedure [dbo].[SP_D_EMPRESA_01]    Script Date: 25/11/2023 13:44:42 ******/
SET ANSI_NULLS ON
GO
SET QUOTED_IDENTIFIER ON
GO
CREATE PROCEDURE [dbo].[SP_D_EMPRESA_01]
@EMP_ID INT
AS
BEGIN
	UPDATE TM_EMPRESA
	SET
		EST=0
	WHERE
		EMP_ID = @EMP_ID
END
GO
/****** Object:  StoredProcedure [dbo].[SP_D_MONEDA_01]    Script Date: 25/11/2023 13:44:42 ******/
SET ANSI_NULLS ON
GO
SET QUOTED_IDENTIFIER ON
GO
CREATE PROCEDURE [dbo].[SP_D_MONEDA_01]
@MON_ID INT
AS
BEGIN
	UPDATE TM_MONEDA
	SET
		EST=0
	WHERE
		MON_ID = @MON_ID
END
GO
/****** Object:  StoredProcedure [dbo].[SP_D_PRODUCTO_01]    Script Date: 25/11/2023 13:44:42 ******/
SET ANSI_NULLS ON
GO
SET QUOTED_IDENTIFIER ON
GO
CREATE PROCEDURE [dbo].[SP_D_PRODUCTO_01]
@PROD_ID INT
AS
BEGIN
	UPDATE TM_PRODUCTO
	SET
		EST=0
	WHERE
		PROD_ID = @PROD_ID
END
GO
/****** Object:  StoredProcedure [dbo].[SP_D_PROVEEDOR_01]    Script Date: 25/11/2023 13:44:42 ******/
SET ANSI_NULLS ON
GO
SET QUOTED_IDENTIFIER ON
GO
CREATE PROCEDURE [dbo].[SP_D_PROVEEDOR_01]
@PROV_ID INT
AS
BEGIN
	UPDATE TM_PROVEEDOR
	SET
		EST=0
	WHERE
		PROV_ID = @PROV_ID
END
GO
/****** Object:  StoredProcedure [dbo].[SP_D_ROL_01]    Script Date: 25/11/2023 13:44:42 ******/
SET ANSI_NULLS ON
GO
SET QUOTED_IDENTIFIER ON
GO
CREATE PROCEDURE [dbo].[SP_D_ROL_01]
@ROL_ID INT
AS
BEGIN
	UPDATE TM_ROL
	SET
		EST=0
	WHERE
		ROL_ID = @ROL_ID
END
GO
/****** Object:  StoredProcedure [dbo].[SP_D_SUCURSAL_01]    Script Date: 25/11/2023 13:44:42 ******/
SET ANSI_NULLS ON
GO
SET QUOTED_IDENTIFIER ON
GO
CREATE PROCEDURE [dbo].[SP_D_SUCURSAL_01]
@SUC_ID INT
AS
BEGIN
	UPDATE TM_SUCURSAL
	SET
		EST=0
	WHERE
		SUC_ID = @SUC_ID
END
GO
/****** Object:  StoredProcedure [dbo].[SP_D_UNIDAD_01]    Script Date: 25/11/2023 13:44:42 ******/
SET ANSI_NULLS ON
GO
SET QUOTED_IDENTIFIER ON
GO
CREATE PROCEDURE [dbo].[SP_D_UNIDAD_01]
@UND_ID INT
AS
BEGIN
	UPDATE TM_UNIDAD
	SET
		EST=0
	WHERE
		UND_ID = @UND_ID
END
GO
/****** Object:  StoredProcedure [dbo].[SP_D_USUARIO_01]    Script Date: 25/11/2023 13:44:42 ******/
SET ANSI_NULLS ON
GO
SET QUOTED_IDENTIFIER ON
GO
CREATE PROCEDURE [dbo].[SP_D_USUARIO_01]
@USU_ID INT
AS
BEGIN
	UPDATE TM_USUARIO
	SET
		EST=0
	WHERE
		USU_ID = @USU_ID
END
GO
/****** Object:  StoredProcedure [dbo].[SP_D_VENTA_01]    Script Date: 25/11/2023 13:44:42 ******/
SET ANSI_NULLS ON
GO
SET QUOTED_IDENTIFIER ON
GO
CREATE PROCEDURE [dbo].[SP_D_VENTA_01]
@DETV_ID INT
AS
BEGIN
	UPDATE TD_VENTA_DETALLE
	SET
		EST=0
	WHERE
		DETV_ID = @DETV_ID
END
GO
/****** Object:  StoredProcedure [dbo].[SP_I_CATEGORIA_01]    Script Date: 25/11/2023 13:44:42 ******/
SET ANSI_NULLS ON
GO
SET QUOTED_IDENTIFIER ON
GO
CREATE PROCEDURE [dbo].[SP_I_CATEGORIA_01]
@SUC_ID INT,
@CAT_NOM VARCHAR(150)
AS
BEGIN
	INSERT INTO TM_CATEGORIA
	(SUC_ID,CAT_NOM,FECH_CREA,EST)
	VALUES
	(@SUC_ID,@CAT_NOM,GETDATE(),1)
END
GO
/****** Object:  StoredProcedure [dbo].[SP_I_CLIENTE_01]    Script Date: 25/11/2023 13:44:42 ******/
SET ANSI_NULLS ON
GO
SET QUOTED_IDENTIFIER ON
GO
CREATE PROCEDURE [dbo].[SP_I_CLIENTE_01]  
@EMP_ID INT,  
@CLI_NOM VARCHAR(150),  
@CLI_RUC VARCHAR(15),  
@CLI_TELF VARCHAR(50),  
@CLI_DIRECC VARCHAR(150),  
@CLI_CORREO VARCHAR(100)  
AS  
BEGIN  
 INSERT INTO TM_CLIENTE  
 (EMP_ID,CLI_NOM,CLI_RUC,CLI_TELF,CLI_DIRECC,CLI_CORREO,FECH_CREA,EST)  
 VALUES  
 (@EMP_ID,@CLI_NOM,@CLI_RUC,@CLI_TELF,@CLI_DIRECC,@CLI_CORREO,GETDATE(),1)  
END
GO
/****** Object:  StoredProcedure [dbo].[SP_I_COMPANIA_01]    Script Date: 25/11/2023 13:44:42 ******/
SET ANSI_NULLS ON
GO
SET QUOTED_IDENTIFIER ON
GO
CREATE PROCEDURE [dbo].[SP_I_COMPANIA_01]
@COM_NOM VARCHAR(150)
AS
BEGIN
	INSERT INTO TM_COMPANIA
	(COM_NOM,FECH_CREA,EST)
	VALUES
	(@COM_NOM,GETDATE(),1)
END
GO
/****** Object:  StoredProcedure [dbo].[SP_I_COMPRA_01]    Script Date: 25/11/2023 13:44:42 ******/
SET ANSI_NULLS ON
GO
SET QUOTED_IDENTIFIER ON
GO
CREATE PROCEDURE [dbo].[SP_I_COMPRA_01]
@SUC_ID INT,
@USU_ID INT
AS
BEGIN
SET NOCOUNT ON
	INSERT INTO TM_COMPRA 
	(SUC_ID,USU_ID,EST)
	VALUES
	(@SUC_ID,@USU_ID,2)

	SELECT COMPR_ID FROM TM_COMPRA WHERE COMPR_ID=@@IDENTITY
SET NOCOUNT OFF
END
GO
/****** Object:  StoredProcedure [dbo].[SP_I_COMPRA_02]    Script Date: 25/11/2023 13:44:42 ******/
SET ANSI_NULLS ON
GO
SET QUOTED_IDENTIFIER ON
GO
CREATE PROCEDURE [dbo].[SP_I_COMPRA_02]
@COMPR_ID INT,
@PROD_ID INT,
@PROD_PCOMPRA NUMERIC(18,2),
@DETC_CANT INT
AS
BEGIN
	INSERT TD_COMPRA_DETALLE
	(COMPR_ID,PROD_ID,PROD_PCOMPRA,DETC_CANT,DETC_TOTAL,FECH_CREA,EST)
	VALUES
	(@COMPR_ID,@PROD_ID,@PROD_PCOMPRA,@DETC_CANT,@PROD_PCOMPRA * @DETC_CANT,GETDATE(),1)
END
GO
/****** Object:  StoredProcedure [dbo].[SP_I_EMPRESA_01]    Script Date: 25/11/2023 13:44:42 ******/
SET ANSI_NULLS ON
GO
SET QUOTED_IDENTIFIER ON
GO
CREATE PROCEDURE [dbo].[SP_I_EMPRESA_01]
@COM_ID INT,
@EMP_NOM VARCHAR(150),
@EMP_RUC VARCHAR(150)
AS
BEGIN
	INSERT INTO TM_EMPRESA
	(COM_ID,EMP_NOM,EMP_RUC,FECH_CREA,EST)
	VALUES
	(@COM_ID,@EMP_NOM,@EMP_RUC,GETDATE(),1)
END
GO
/****** Object:  StoredProcedure [dbo].[SP_I_MENU_02]    Script Date: 25/11/2023 13:44:42 ******/
SET ANSI_NULLS ON
GO
SET QUOTED_IDENTIFIER ON
GO
CREATE PROCEDURE [dbo].[SP_I_MENU_02]
@ROL_ID INT
AS
BEGIN
	IF (SELECT COUNT(*) FROM TD_MENU WHERE ROL_ID=@ROL_ID)=0
	BEGIN
		INSERT INTO TD_MENU
		(MEN_ID,ROL_ID,MEND_PERMI,FECH_CREA,EST)
		(SELECT MEN_ID,@ROL_ID,'No',GETDATE(),1 FROM TM_MENU WHERE EST=1)
	END
	ELSE
	BEGIN
		INSERT INTO TD_MENU
		(MEN_ID,ROL_ID,MEND_PERMI,FECH_CREA,EST)
		(SELECT MEN_ID,@ROL_ID,'No',GETDATE(),1 FROM TM_MENU WHERE EST=1 AND MEN_ID NOT IN (SELECT MEN_ID FROM TD_MENU WHERE ROL_ID=@ROL_ID))
	END
END
GO
/****** Object:  StoredProcedure [dbo].[SP_I_MONEDA_01]    Script Date: 25/11/2023 13:44:42 ******/
SET ANSI_NULLS ON
GO
SET QUOTED_IDENTIFIER ON
GO
CREATE PROCEDURE [dbo].[SP_I_MONEDA_01]
@SUC_ID INT,
@MON_NOM VARCHAR(150)
AS
BEGIN
	INSERT INTO TM_MONEDA
	(SUC_ID,MON_NOM,FECH_CREA,EST)
	VALUES
	(@SUC_ID,@MON_NOM,GETDATE(),1)
END
GO
/****** Object:  StoredProcedure [dbo].[SP_I_PRODUCTO_01]    Script Date: 25/11/2023 13:44:42 ******/
SET ANSI_NULLS ON
GO
SET QUOTED_IDENTIFIER ON
GO
CREATE PROCEDURE [dbo].[SP_I_PRODUCTO_01]
@SUC_ID INT,
@CAT_ID INT,
@PROD_NOM VARCHAR(150),
@PROD_DESCRIP VARCHAR(150),
@UND_ID INT,
@MON_ID INT,
@PROD_PCOMPRA NUMERIC(18,2),
@PROD_PVENTA NUMERIC(18,2),
@PROD_STOCK INT,
@PROD_FECHAVEN DATE,
@PROD_IMG VARCHAR(MAX)
AS
BEGIN
	INSERT INTO TM_PRODUCTO
	(SUC_ID,CAT_ID,PROD_NOM,PROD_DESCRIP,UND_ID,MON_ID,PROD_PCOMPRA,PROD_PVENTA,PROD_STOCK,PROD_FECHAVEN,PROD_IMG,FECH_CREA,EST)
	VALUES
	(@SUC_ID,@CAT_ID,@PROD_NOM,@PROD_DESCRIP,@UND_ID,@MON_ID,@PROD_PCOMPRA,@PROD_PVENTA,@PROD_STOCK,@PROD_FECHAVEN,@PROD_IMG,GETDATE(),1)
END
GO
/****** Object:  StoredProcedure [dbo].[SP_I_PROVEEDOR_01]    Script Date: 25/11/2023 13:44:42 ******/
SET ANSI_NULLS ON
GO
SET QUOTED_IDENTIFIER ON
GO
CREATE PROCEDURE [dbo].[SP_I_PROVEEDOR_01]  
@EMP_ID INT,  
@PROV_NOM VARCHAR(150),  
@PROV_RUC VARCHAR(15),  
@PROV_TELF VARCHAR(50),  
@PROV_DIRECC VARCHAR(150),  
@PROV_CORREO VARCHAR(50)  
AS  
BEGIN  
 INSERT INTO TM_PROVEEDOR  
 (EMP_ID,PROV_NOM,PROV_RUC,PROV_TELF,PROV_DIRECC,PROV_CORREO,FECH_CREA,EST)  
 VALUES  
 (@EMP_ID,@PROV_NOM,@PROV_RUC,@PROV_TELF,@PROV_DIRECC,@PROV_CORREO,GETDATE(),1)  
END
GO
/****** Object:  StoredProcedure [dbo].[SP_I_ROL_01]    Script Date: 25/11/2023 13:44:42 ******/
SET ANSI_NULLS ON
GO
SET QUOTED_IDENTIFIER ON
GO
CREATE PROCEDURE [dbo].[SP_I_ROL_01]
@SUC_ID INT,
@ROL_NOM VARCHAR(150)
AS
BEGIN
	INSERT INTO TM_ROL
	(SUC_ID,ROL_NOM,FECH_CREA,EST)
	VALUES
	(@SUC_ID,@ROL_NOM,GETDATE(),1)
END
GO
/****** Object:  StoredProcedure [dbo].[SP_I_SUCURSAL_01]    Script Date: 25/11/2023 13:44:42 ******/
SET ANSI_NULLS ON
GO
SET QUOTED_IDENTIFIER ON
GO
CREATE PROCEDURE [dbo].[SP_I_SUCURSAL_01]
@EMP_ID INT,
@SUC_NOM VARCHAR(150)
AS
BEGIN
	INSERT INTO TM_SUCURSAL
	(EMP_ID,SUC_NOM,FECH_CREA,EST)
	VALUES
	(@EMP_ID,@SUC_NOM,GETDATE(),1)
END
GO
/****** Object:  StoredProcedure [dbo].[SP_I_UNIDAD_01]    Script Date: 25/11/2023 13:44:42 ******/
SET ANSI_NULLS ON
GO
SET QUOTED_IDENTIFIER ON
GO
CREATE PROCEDURE [dbo].[SP_I_UNIDAD_01]
@SUC_ID INT,
@UND_NOM VARCHAR(150)
AS
BEGIN
	INSERT INTO TM_UNIDAD
	(SUC_ID,UND_NOM,FECH_CREA,EST)
	VALUES
	(@SUC_ID,@UND_NOM,GETDATE(),1)
END
GO
/****** Object:  StoredProcedure [dbo].[SP_I_USUARIO_01]    Script Date: 25/11/2023 13:44:42 ******/
SET ANSI_NULLS ON
GO
SET QUOTED_IDENTIFIER ON
GO
CREATE PROCEDURE [dbo].[SP_I_USUARIO_01]
@SUC_ID INT,
@USU_CORREO VARCHAR(150),
@USU_NOM VARCHAR(150),
@USU_APE VARCHAR(150),
@USU_DNI VARCHAR(150),
@USU_TELF VARCHAR(150),
@USU_PASS VARCHAR(150),
@ROL_ID INT,
@USU_IMG VARCHAR(MAX)
AS
BEGIN
	INSERT INTO TM_USUARIO
	(SUC_ID,USU_CORREO,USU_NOM,USU_APE,USU_DNI,USU_TELF,USU_PASS,ROL_ID,USU_IMG,FECH_CREA,EST)
	VALUES
	(@SUC_ID,@USU_CORREO,@USU_NOM,@USU_APE,@USU_DNI,@USU_TELF,@USU_PASS,@ROL_ID,@USU_IMG,GETDATE(),1)
END
GO
/****** Object:  StoredProcedure [dbo].[SP_I_VENTA_01]    Script Date: 25/11/2023 13:44:42 ******/
SET ANSI_NULLS ON
GO
SET QUOTED_IDENTIFIER ON
GO
CREATE PROCEDURE [dbo].[SP_I_VENTA_01]
@SUC_ID INT,
@USU_ID INT
AS
BEGIN
SET NOCOUNT ON
	INSERT INTO TM_VENTA 
	(SUC_ID,USU_ID,EST)
	VALUES
	(@SUC_ID,@USU_ID,2)

	SELECT VENT_ID FROM TM_VENTA WHERE VENT_ID=@@IDENTITY
SET NOCOUNT OFF
END
GO
/****** Object:  StoredProcedure [dbo].[SP_I_VENTA_02]    Script Date: 25/11/2023 13:44:42 ******/
SET ANSI_NULLS ON
GO
SET QUOTED_IDENTIFIER ON
GO
CREATE PROCEDURE [dbo].[SP_I_VENTA_02]
@VENT_ID INT,
@PROD_ID INT,
@PROD_PVENTA NUMERIC(18,2),
@DETV_CANT INT
AS
BEGIN
	INSERT TD_VENTA_DETALLE
	(VENT_ID,PROD_ID,PROD_PVENTA,DETV_CANT,DETV_TOTAL,FECH_CREA,EST)
	VALUES
	(@VENT_ID,@PROD_ID,@PROD_PVENTA,@DETV_CANT,@PROD_PVENTA * @DETV_CANT,GETDATE(),1)
END
GO
/****** Object:  StoredProcedure [dbo].[SP_L_CATEGORIA_01]    Script Date: 25/11/2023 13:44:42 ******/
SET ANSI_NULLS ON
GO
SET QUOTED_IDENTIFIER ON
GO
CREATE PROCEDURE [dbo].[SP_L_CATEGORIA_01]
@SUC_ID INT
AS
BEGIN
SELECT
	CAT_ID,
	SUC_ID,
	CAT_NOM,
	CONVERT(VARCHAR,FECH_CREA,103) AS FECH_CREA,
	EST
FROM
	TM_CATEGORIA
WHERE
	SUC_ID = @SUC_ID
	AND EST = 1
END
GO
/****** Object:  StoredProcedure [dbo].[SP_L_CATEGORIA_02]    Script Date: 25/11/2023 13:44:42 ******/
SET ANSI_NULLS ON
GO
SET QUOTED_IDENTIFIER ON
GO
CREATE PROCEDURE [dbo].[SP_L_CATEGORIA_02]
@CAT_ID INT
AS
BEGIN
	SELECT * FROM TM_CATEGORIA
	WHERE
	CAT_ID = @CAT_ID
END
GO
/****** Object:  StoredProcedure [dbo].[SP_L_CATEGORIA_03]    Script Date: 25/11/2023 13:44:42 ******/
SET ANSI_NULLS ON
GO
SET QUOTED_IDENTIFIER ON
GO
CREATE PROCEDURE [dbo].[SP_L_CATEGORIA_03]
@SUC_ID INT
AS
BEGIN
SELECT        
TM_CATEGORIA.CAT_ID, 
TM_CATEGORIA.CAT_NOM, 
SUM(TM_PRODUCTO.PROD_STOCK) AS STOCK
FROM            
TM_CATEGORIA INNER JOIN
TM_PRODUCTO ON TM_CATEGORIA.CAT_ID = TM_PRODUCTO.CAT_ID
WHERE        
TM_CATEGORIA.SUC_ID = 1
AND TM_PRODUCTO.EST = 1
AND TM_CATEGORIA.EST = 1
GROUP BY
TM_CATEGORIA.CAT_ID,
TM_CATEGORIA.CAT_NOM
ORDER BY
STOCK DESC
END
GO
/****** Object:  StoredProcedure [dbo].[SP_L_CLIENTE_01]    Script Date: 25/11/2023 13:44:42 ******/
SET ANSI_NULLS ON
GO
SET QUOTED_IDENTIFIER ON
GO
CREATE PROCEDURE [dbo].[SP_L_CLIENTE_01]
@EMP_ID INT
AS
BEGIN
	SELECT * FROM TM_CLIENTE
	WHERE
	EMP_ID = @EMP_ID
	AND EST=1
END
GO
/****** Object:  StoredProcedure [dbo].[SP_L_CLIENTE_02]    Script Date: 25/11/2023 13:44:42 ******/
SET ANSI_NULLS ON
GO
SET QUOTED_IDENTIFIER ON
GO
CREATE PROCEDURE [dbo].[SP_L_CLIENTE_02]
@CLI_ID INT
AS
BEGIN
	SELECT * FROM TM_CLIENTE
	WHERE
	CLI_ID = @CLI_ID
END
GO
/****** Object:  StoredProcedure [dbo].[SP_L_COMPANIA_01]    Script Date: 25/11/2023 13:44:42 ******/
SET ANSI_NULLS ON
GO
SET QUOTED_IDENTIFIER ON
GO
CREATE PROCEDURE [dbo].[SP_L_COMPANIA_01]

AS
BEGIN
	SELECT * FROM TM_COMPANIA
	WHERE
	EST=1
END
GO
/****** Object:  StoredProcedure [dbo].[SP_L_COMPANIA_02]    Script Date: 25/11/2023 13:44:42 ******/
SET ANSI_NULLS ON
GO
SET QUOTED_IDENTIFIER ON
GO
CREATE PROCEDURE [dbo].[SP_L_COMPANIA_02]
@COM_ID INT
AS
BEGIN
	SELECT * FROM TM_COMPANIA
	WHERE
	COM_ID = @COM_ID
END
GO
/****** Object:  StoredProcedure [dbo].[SP_L_COMPRA_01]    Script Date: 25/11/2023 13:44:42 ******/
SET ANSI_NULLS ON
GO
SET QUOTED_IDENTIFIER ON
GO
CREATE PROCEDURE [dbo].[SP_L_COMPRA_01]   
@COMPR_ID INT  
AS  
BEGIN  
 SELECT          
 TD_COMPRA_DETALLE.DETC_ID,   
 TM_CATEGORIA.CAT_NOM,   
 TM_PRODUCTO.PROD_NOM,
 TM_PRODUCTO.PROD_IMG,
 TM_UNIDAD.UND_NOM,   
 TD_COMPRA_DETALLE.PROD_PCOMPRA,  
 TD_COMPRA_DETALLE.DETC_CANT,   
 TD_COMPRA_DETALLE.DETC_TOTAL,   
 TD_COMPRA_DETALLE.COMPR_ID,   
 TD_COMPRA_DETALLE.PROD_ID
 FROM              
 TD_COMPRA_DETALLE INNER JOIN  
 TM_PRODUCTO ON TD_COMPRA_DETALLE.PROD_ID = TM_PRODUCTO.PROD_ID INNER JOIN  
 TM_CATEGORIA ON TM_PRODUCTO.CAT_ID = TM_CATEGORIA.CAT_ID INNER JOIN  
 TM_UNIDAD ON TM_PRODUCTO.UND_ID = TM_UNIDAD.UND_ID  
 WHERE  
 TD_COMPRA_DETALLE.COMPR_ID = @COMPR_ID  
 AND TD_COMPRA_DETALLE.EST=1  
END
GO
/****** Object:  StoredProcedure [dbo].[SP_L_COMPRA_02]    Script Date: 25/11/2023 13:44:42 ******/
SET ANSI_NULLS ON
GO
SET QUOTED_IDENTIFIER ON
GO
CREATE PROCEDURE [dbo].[SP_L_COMPRA_02]
@COMPR_ID INT
AS
BEGIN
SELECT        
TM_COMPRA.COMPR_ID, 
TM_COMPRA.SUC_ID, 
TM_COMPRA.PAG_ID, 
TM_COMPRA.PROV_ID, 
TM_COMPRA.PROV_RUC, 
TM_COMPRA.PROV_DIRECC, 
TM_COMPRA.PROV_CORREO, 
TM_COMPRA.COMPR_SUBTOTAL, 
TM_COMPRA.COMPR_IGV, 
TM_COMPRA.COMPR_TOTAL, 
TM_COMPRA.COMPR_COMENT, 
TM_COMPRA.USU_ID, 
TM_COMPRA.MON_ID, 
TM_COMPRA.FECH_CREA, 
TM_COMPRA.EST, 
TM_SUCURSAL.SUC_NOM, 
TM_EMPRESA.EMP_NOM, 
TM_EMPRESA.EMP_RUC, 
TM_EMPRESA.EMP_CORREO, 
TM_EMPRESA.EMP_TELF, 
TM_EMPRESA.EMP_DIRECC, 
TM_EMPRESA.EMP_PAG, 
TM_COMPANIA.COM_NOM, 
TM_USUARIO.USU_CORREO, 
TM_USUARIO.USU_NOM, 
TM_USUARIO.USU_APE, 
TM_USUARIO.USU_DNI, 
TM_USUARIO.USU_TELF, 
TM_ROL.ROL_NOM, 
TM_PAGO.PAG_NOM, 
TM_MONEDA.MON_NOM,
TM_PROVEEDOR.PROV_NOM
FROM            
TM_COMPRA INNER JOIN
TM_SUCURSAL ON TM_COMPRA.SUC_ID = TM_SUCURSAL.SUC_ID INNER JOIN
TM_EMPRESA ON TM_SUCURSAL.EMP_ID = TM_EMPRESA.EMP_ID INNER JOIN
TM_COMPANIA ON TM_EMPRESA.COM_ID = TM_COMPANIA.COM_ID INNER JOIN
TM_USUARIO ON TM_COMPRA.USU_ID = TM_USUARIO.USU_ID INNER JOIN
TM_ROL ON TM_USUARIO.ROL_ID = TM_ROL.ROL_ID INNER JOIN
TM_PAGO ON TM_COMPRA.PAG_ID = TM_PAGO.PAG_ID INNER JOIN
TM_MONEDA ON TM_COMPRA.MON_ID = TM_MONEDA.MON_ID INNER JOIN
TM_PROVEEDOR ON TM_COMPRA.PROV_ID = TM_PROVEEDOR.PROV_ID
WHERE  
TM_COMPRA.COMPR_ID = @COMPR_ID
END
GO
/****** Object:  StoredProcedure [dbo].[SP_L_COMPRA_03]    Script Date: 25/11/2023 13:44:42 ******/
SET ANSI_NULLS ON
GO
SET QUOTED_IDENTIFIER ON
GO
CREATE PROCEDURE [dbo].[SP_L_COMPRA_03]      
@SUC_ID INT      
AS      
BEGIN      
 SELECT              
 TM_COMPRA.COMPR_ID,       
 TM_COMPRA.SUC_ID,       
 TM_COMPRA.PAG_ID,       
 TM_COMPRA.PROV_ID,       
 TM_COMPRA.PROV_RUC,       
 TM_COMPRA.PROV_DIRECC,       
 TM_COMPRA.PROV_CORREO,       
 TM_COMPRA.COMPR_SUBTOTAL,       
 TM_COMPRA.COMPR_IGV,       
 TM_COMPRA.COMPR_TOTAL,       
 TM_COMPRA.COMPR_COMENT,       
 TM_COMPRA.USU_ID,       
 TM_COMPRA.MON_ID,       
 TM_COMPRA.FECH_CREA,       
 TM_COMPRA.EST,       
 TM_SUCURSAL.SUC_NOM,       
 TM_EMPRESA.EMP_NOM,       
 TM_EMPRESA.EMP_RUC,       
 TM_EMPRESA.EMP_CORREO,       
 TM_EMPRESA.EMP_TELF,       
 TM_EMPRESA.EMP_DIRECC,       
 TM_EMPRESA.EMP_PAG,       
 TM_COMPANIA.COM_NOM,       
 TM_USUARIO.USU_CORREO,       
 TM_USUARIO.USU_NOM,       
 TM_USUARIO.USU_APE,       
 TM_USUARIO.USU_DNI,       
 TM_USUARIO.USU_TELF,  
 TM_USUARIO.USU_IMG,  
 TM_ROL.ROL_NOM,       
 TM_PAGO.PAG_NOM,       
 TM_MONEDA.MON_NOM,      
 TM_PROVEEDOR.PROV_NOM,
 TM_DOCUMENTO.DOC_NOM 
 FROM                  
 TM_COMPRA INNER JOIN      
 TM_SUCURSAL ON TM_COMPRA.SUC_ID = TM_SUCURSAL.SUC_ID INNER JOIN      
 TM_EMPRESA ON TM_SUCURSAL.EMP_ID = TM_EMPRESA.EMP_ID INNER JOIN      
 TM_COMPANIA ON TM_EMPRESA.COM_ID = TM_COMPANIA.COM_ID INNER JOIN      
 TM_USUARIO ON TM_COMPRA.USU_ID = TM_USUARIO.USU_ID INNER JOIN      
 TM_ROL ON TM_USUARIO.ROL_ID = TM_ROL.ROL_ID INNER JOIN      
 TM_PAGO ON TM_COMPRA.PAG_ID = TM_PAGO.PAG_ID INNER JOIN      
 TM_MONEDA ON TM_COMPRA.MON_ID = TM_MONEDA.MON_ID INNER JOIN      
 TM_PROVEEDOR ON TM_COMPRA.PROV_ID = TM_PROVEEDOR.PROV_ID INNER JOIN
 TM_DOCUMENTO ON TM_COMPRA.DOC_ID = TM_DOCUMENTO.DOC_ID
 WHERE      
 TM_COMPRA.EST=1      
 AND TM_COMPRA.SUC_ID = @SUC_ID      
END
GO
/****** Object:  StoredProcedure [dbo].[SP_L_COMPRA_04]    Script Date: 25/11/2023 13:44:42 ******/
SET ANSI_NULLS ON
GO
SET QUOTED_IDENTIFIER ON
GO
CREATE PROCEDURE [dbo].[SP_L_COMPRA_04]
@SUC_ID INT
AS
BEGIN
	SELECT   
	TM_CATEGORIA.CAT_NOM,
	SUM(TD_COMPRA_DETALLE.DETC_CANT) AS CANT
	FROM            
	TM_COMPRA INNER JOIN
	TD_COMPRA_DETALLE ON TM_COMPRA.COMPR_ID = TD_COMPRA_DETALLE.COMPR_ID INNER JOIN
	TM_PRODUCTO ON TD_COMPRA_DETALLE.PROD_ID = TM_PRODUCTO.PROD_ID INNER JOIN
	TM_CATEGORIA ON TM_PRODUCTO.CAT_ID = TM_CATEGORIA.CAT_ID
	WHERE        
	TM_COMPRA.EST = 1
	AND TM_COMPRA.SUC_ID = @SUC_ID
	GROUP BY CAT_NOM
	ORDER BY CANT DESC
END
GO
/****** Object:  StoredProcedure [dbo].[SP_L_COMPRA_05]    Script Date: 25/11/2023 13:44:42 ******/
SET ANSI_NULLS ON
GO
SET QUOTED_IDENTIFIER ON
GO
CREATE PROCEDURE [dbo].[SP_L_COMPRA_05]         
@SUC_ID INT          
AS          
BEGIN          
 SELECT   TOP 5        
 TM_COMPRA.COMPR_ID,           
 TM_COMPRA.SUC_ID,           
 TM_COMPRA.PAG_ID,           
 TM_COMPRA.PROV_ID,           
 TM_COMPRA.PROV_RUC,           
 TM_COMPRA.PROV_DIRECC,           
 TM_COMPRA.PROV_CORREO,           
 TM_COMPRA.COMPR_SUBTOTAL,           
 TM_COMPRA.COMPR_IGV,           
 TM_COMPRA.COMPR_TOTAL,           
 TM_COMPRA.COMPR_COMENT,           
 TM_COMPRA.USU_ID,           
 TM_COMPRA.MON_ID,           
 TM_COMPRA.FECH_CREA,           
 TM_COMPRA.EST,           
 TM_SUCURSAL.SUC_NOM,           
 TM_EMPRESA.EMP_NOM,           
 TM_EMPRESA.EMP_RUC,           
 TM_EMPRESA.EMP_CORREO,           
 TM_EMPRESA.EMP_TELF,           
 TM_EMPRESA.EMP_DIRECC,           
 TM_EMPRESA.EMP_PAG,           
 TM_COMPANIA.COM_NOM,           
 TM_USUARIO.USU_CORREO,           
 TM_USUARIO.USU_NOM,           
 TM_USUARIO.USU_APE,           
 TM_USUARIO.USU_DNI,           
 TM_USUARIO.USU_TELF,      
 TM_USUARIO.USU_IMG,      
 TM_ROL.ROL_NOM,           
 TM_PAGO.PAG_NOM,           
 TM_MONEDA.MON_NOM,          
 TM_PROVEEDOR.PROV_NOM,    
 TM_DOCUMENTO.DOC_NOM     
 FROM                      
 TM_COMPRA INNER JOIN          
 TM_SUCURSAL ON TM_COMPRA.SUC_ID = TM_SUCURSAL.SUC_ID INNER JOIN          
 TM_EMPRESA ON TM_SUCURSAL.EMP_ID = TM_EMPRESA.EMP_ID INNER JOIN          
 TM_COMPANIA ON TM_EMPRESA.COM_ID = TM_COMPANIA.COM_ID INNER JOIN          
 TM_USUARIO ON TM_COMPRA.USU_ID = TM_USUARIO.USU_ID INNER JOIN          
 TM_ROL ON TM_USUARIO.ROL_ID = TM_ROL.ROL_ID INNER JOIN          
 TM_PAGO ON TM_COMPRA.PAG_ID = TM_PAGO.PAG_ID INNER JOIN          
 TM_MONEDA ON TM_COMPRA.MON_ID = TM_MONEDA.MON_ID INNER JOIN          
 TM_PROVEEDOR ON TM_COMPRA.PROV_ID = TM_PROVEEDOR.PROV_ID INNER JOIN    
 TM_DOCUMENTO ON TM_COMPRA.DOC_ID = TM_DOCUMENTO.DOC_ID    
 WHERE          
 TM_COMPRA.EST=1          
 AND TM_COMPRA.SUC_ID = @SUC_ID  
 ORDER BY COMPR_ID DESC  
END 
GO
/****** Object:  StoredProcedure [dbo].[SP_L_COMPRA_06]    Script Date: 25/11/2023 13:44:42 ******/
SET ANSI_NULLS ON
GO
SET QUOTED_IDENTIFIER ON
GO
CREATE PROCEDURE [dbo].[SP_L_COMPRA_06]
@SUC_ID INT
AS
BEGIN
SELECT
CONVERT(VARCHAR,FECH_CREA,103) AS FECH_CREA,
SUM(COMPR_TOTAL) AS COMPR_TOTAL
FROM TM_COMPRA
WHERE 
EST = 1
AND SUC_ID = @SUC_ID
GROUP BY CONVERT(VARCHAR,FECH_CREA,103)
END
GO
/****** Object:  StoredProcedure [dbo].[SP_L_COMPRAS_04]    Script Date: 25/11/2023 13:44:42 ******/
SET ANSI_NULLS ON
GO
SET QUOTED_IDENTIFIER ON
GO
CREATE procedure [dbo].[SP_L_COMPRAS_04]
@SUC_ID INT
AS
BEGIN

SELECT        
TOP(5) 
TD_COMPRA_DETALLE.PROD_ID, 
SUM(TD_COMPRA_DETALLE.DETC_CANT) AS CANT, 
TM_PRODUCTO.PROD_PCOMPRA, 
TM_PRODUCTO.PROD_NOM, 
TM_CATEGORIA.CAT_NOM, 
TM_UNIDAD.UND_NOM, 
TM_PRODUCTO.PROD_STOCK, 
TM_PRODUCTO.PROD_IMG,
TM_MONEDA.MON_NOM,
SUM(TM_COMPRA.COMPR_TOTAL) AS TOTAL
FROM            
TD_COMPRA_DETALLE INNER JOIN
TM_PRODUCTO ON TD_COMPRA_DETALLE.PROD_ID = TM_PRODUCTO.PROD_ID INNER JOIN
TM_CATEGORIA ON TM_PRODUCTO.CAT_ID = TM_CATEGORIA.CAT_ID INNER JOIN
TM_UNIDAD ON TM_PRODUCTO.UND_ID = TM_UNIDAD.UND_ID INNER JOIN
TM_COMPRA ON TD_COMPRA_DETALLE.COMPR_ID = TM_COMPRA.COMPR_ID INNER JOIN
TM_MONEDA ON TM_COMPRA.MON_ID = TM_MONEDA.MON_ID
where
TM_COMPRA.EST=1
and TM_PRODUCTO.est=1
AND TM_COMPRA.SUC_ID = @SUC_ID
GROUP BY 
TD_COMPRA_DETALLE.PROD_ID, 
TM_PRODUCTO.PROD_PCOMPRA, 
TM_PRODUCTO.PROD_NOM, 
TM_CATEGORIA.CAT_NOM, 
TM_UNIDAD.UND_NOM, 
TM_PRODUCTO.PROD_STOCK, 
TM_PRODUCTO.PROD_IMG,
TM_MONEDA.MON_NOM
ORDER BY CANT DESC
END
GO
/****** Object:  StoredProcedure [dbo].[SP_L_COMPRAVENTA_01]    Script Date: 25/11/2023 13:44:42 ******/
SET ANSI_NULLS ON
GO
SET QUOTED_IDENTIFIER ON
GO
CREATE PROCEDURE [dbo].[SP_L_COMPRAVENTA_01]
@SUC_ID INT
AS
BEGIN
	SELECT TOP 20 * FROM
	(
	 SELECT                
	 TM_COMPRA.COMPR_ID,         
	 TM_COMPRA.SUC_ID,         
	 TM_COMPRA.PAG_ID,         
	 TM_COMPRA.PROV_ID,         
	 TM_COMPRA.PROV_RUC,         
	 TM_COMPRA.PROV_DIRECC,         
	 TM_COMPRA.PROV_CORREO,         
	 TM_COMPRA.COMPR_SUBTOTAL,         
	 TM_COMPRA.COMPR_IGV,         
	 TM_COMPRA.COMPR_TOTAL,         
	 TM_COMPRA.COMPR_COMENT,         
	 TM_COMPRA.USU_ID,         
	 TM_COMPRA.MON_ID,         
	 CONVERT(VARCHAR,TM_COMPRA.FECH_CREA,103) AS FECH_CREA,
	 TM_COMPRA.EST,         
	 TM_SUCURSAL.SUC_NOM,         
	 TM_EMPRESA.EMP_NOM,         
	 TM_EMPRESA.EMP_RUC,         
	 TM_EMPRESA.EMP_CORREO,         
	 TM_EMPRESA.EMP_TELF,         
	 TM_EMPRESA.EMP_DIRECC,         
	 TM_EMPRESA.EMP_PAG,         
	 TM_COMPANIA.COM_NOM,         
	 TM_USUARIO.USU_CORREO,         
	 TM_USUARIO.USU_NOM,         
	 TM_USUARIO.USU_APE,         
	 TM_USUARIO.USU_DNI,         
	 TM_USUARIO.USU_TELF,    
	 TM_USUARIO.USU_IMG,    
	 TM_ROL.ROL_NOM,         
	 TM_PAGO.PAG_NOM,         
	 TM_MONEDA.MON_NOM,        
	 TM_PROVEEDOR.PROV_NOM,  
	 TM_DOCUMENTO.DOC_NOM,
	 'Compra' AS REGISTRO
	 FROM                    
	 TM_COMPRA INNER JOIN        
	 TM_SUCURSAL ON TM_COMPRA.SUC_ID = TM_SUCURSAL.SUC_ID INNER JOIN        
	 TM_EMPRESA ON TM_SUCURSAL.EMP_ID = TM_EMPRESA.EMP_ID INNER JOIN        
	 TM_COMPANIA ON TM_EMPRESA.COM_ID = TM_COMPANIA.COM_ID INNER JOIN        
	 TM_USUARIO ON TM_COMPRA.USU_ID = TM_USUARIO.USU_ID INNER JOIN        
	 TM_ROL ON TM_USUARIO.ROL_ID = TM_ROL.ROL_ID INNER JOIN        
	 TM_PAGO ON TM_COMPRA.PAG_ID = TM_PAGO.PAG_ID INNER JOIN        
	 TM_MONEDA ON TM_COMPRA.MON_ID = TM_MONEDA.MON_ID INNER JOIN        
	 TM_PROVEEDOR ON TM_COMPRA.PROV_ID = TM_PROVEEDOR.PROV_ID INNER JOIN  
	 TM_DOCUMENTO ON TM_COMPRA.DOC_ID = TM_DOCUMENTO.DOC_ID  
	 WHERE        
	 TM_COMPRA.EST=1        
	 AND TM_COMPRA.SUC_ID = @SUC_ID       

	 UNION ALL
       
	 SELECT                  
	 TM_VENTA.VENT_ID,           
	 TM_VENTA.SUC_ID,           
	 TM_VENTA.PAG_ID,           
	 TM_VENTA.CLI_ID,           
	 TM_VENTA.CLI_RUC,           
	 TM_VENTA.CLI_DIRECC,           
	 TM_VENTA.CLI_CORREO,           
	 TM_VENTA.VENT_SUBTOTAL,           
	 TM_VENTA.VENT_IGV,           
	 TM_VENTA.VENT_TOTAL,           
	 TM_VENTA.VENT_COMENT,           
	 TM_VENTA.USU_ID,           
	 TM_VENTA.MON_ID,           
	 CONVERT(VARCHAR,TM_VENTA.FECH_CREA,103) AS FECH_CREA,
	 TM_VENTA.EST,           
	 TM_SUCURSAL.SUC_NOM,           
	 TM_EMPRESA.EMP_NOM,           
	 TM_EMPRESA.EMP_RUC,           
	 TM_EMPRESA.EMP_CORREO,           
	 TM_EMPRESA.EMP_TELF,           
	 TM_EMPRESA.EMP_DIRECC,           
	 TM_EMPRESA.EMP_PAG,           
	 TM_COMPANIA.COM_NOM,           
	 TM_USUARIO.USU_CORREO,           
	 TM_USUARIO.USU_NOM,           
	 TM_USUARIO.USU_APE,           
	 TM_USUARIO.USU_DNI,           
	 TM_USUARIO.USU_TELF,      
	 TM_USUARIO.USU_IMG,       
	 TM_ROL.ROL_NOM,           
	 TM_PAGO.PAG_NOM,           
	 TM_MONEDA.MON_NOM,          
	 TM_CLIENTE.CLI_NOM,  
	 TM_DOCUMENTO.DOC_NOM,
	 'Venta' AS REGISTRO
	 FROM                      
	 TM_VENTA INNER JOIN          
	 TM_SUCURSAL ON TM_VENTA.SUC_ID = TM_SUCURSAL.SUC_ID INNER JOIN          
	 TM_EMPRESA ON TM_SUCURSAL.EMP_ID = TM_EMPRESA.EMP_ID INNER JOIN          
	 TM_COMPANIA ON TM_EMPRESA.COM_ID = TM_COMPANIA.COM_ID INNER JOIN          
	 TM_USUARIO ON TM_VENTA.USU_ID = TM_USUARIO.USU_ID INNER JOIN          
	 TM_ROL ON TM_USUARIO.ROL_ID = TM_ROL.ROL_ID INNER JOIN          
	 TM_PAGO ON TM_VENTA.PAG_ID = TM_PAGO.PAG_ID INNER JOIN          
	 TM_MONEDA ON TM_VENTA.MON_ID = TM_MONEDA.MON_ID INNER JOIN          
	 TM_CLIENTE ON TM_VENTA.CLI_ID = TM_CLIENTE.CLI_ID INNER JOIN  
	 TM_DOCUMENTO ON TM_VENTA.DOC_ID = TM_DOCUMENTO.DOC_ID          
	 WHERE          
	 TM_VENTA.EST=1          
	 AND TM_VENTA.SUC_ID = @SUC_ID          
	)TABLA
ORDER BY FECH_CREA DESC
 END
GO
/****** Object:  StoredProcedure [dbo].[SP_L_DOCUMENTO_01]    Script Date: 25/11/2023 13:44:42 ******/
SET ANSI_NULLS ON
GO
SET QUOTED_IDENTIFIER ON
GO
create procedure [dbo].[SP_L_DOCUMENTO_01]
@DOC_TIPO VARCHAR(150)
AS
BEGIN
	SELECT * FROM TM_DOCUMENTO
	WHERE
	EST = 1
	AND DOC_TIPO = @DOC_TIPO
END
GO
/****** Object:  StoredProcedure [dbo].[SP_L_EMPRESA_01]    Script Date: 25/11/2023 13:44:42 ******/
SET ANSI_NULLS ON
GO
SET QUOTED_IDENTIFIER ON
GO
CREATE PROCEDURE [dbo].[SP_L_EMPRESA_01]
@COM_ID INT
AS
BEGIN
	SELECT * FROM TM_EMPRESA
	WHERE
	COM_ID = @COM_ID
	AND EST=1
END
GO
/****** Object:  StoredProcedure [dbo].[SP_L_EMPRESA_02]    Script Date: 25/11/2023 13:44:42 ******/
SET ANSI_NULLS ON
GO
SET QUOTED_IDENTIFIER ON
GO
CREATE PROCEDURE [dbo].[SP_L_EMPRESA_02]
@EMP_ID INT
AS
BEGIN
	SELECT * FROM TM_EMPRESA
	WHERE
	EMP_ID = @EMP_ID
END
GO
/****** Object:  StoredProcedure [dbo].[SP_L_MENU_01]    Script Date: 25/11/2023 13:44:42 ******/
SET ANSI_NULLS ON
GO
SET QUOTED_IDENTIFIER ON
GO
CREATE PROCEDURE [dbo].[SP_L_MENU_01]
@ROL_ID INT
AS
BEGIN
	SELECT        
	TD_MENU.MEND_ID, 
	TD_MENU.MEN_ID, 
	TD_MENU.ROL_ID, 
	TD_MENU.MEND_PERMI, 
	TD_MENU.FECH_CREA, 
	TD_MENU.EST, 
	TM_MENU.MEN_NOM, 
	TM_MENU.MEN_RUTA, 
	TM_MENU.MEN_IDENTI,
	TM_MENU.MEN_GRUPO
	FROM            
	TD_MENU INNER JOIN
	TM_MENU ON TD_MENU.MEN_ID = TM_MENU.MEN_ID
	WHERE 
	TD_MENU.ROL_ID = @ROL_ID
END
GO
/****** Object:  StoredProcedure [dbo].[SP_L_MENU_03]    Script Date: 25/11/2023 13:44:42 ******/
SET ANSI_NULLS ON
GO
SET QUOTED_IDENTIFIER ON
GO
CREATE PROCEDURE [dbo].[SP_L_MENU_03]  
@USU_ID INT,
@MEN_IDENTI VARCHAR(100)
AS  
BEGIN  
SELECT        TD_MENU.MEND_ID, TD_MENU.MEN_ID, TD_MENU.ROL_ID, TD_MENU.MEND_PERMI, TD_MENU.FECH_CREA, TD_MENU.EST, TM_MENU.MEN_NOM, TM_MENU.MEN_RUTA, TM_MENU.MEN_IDENTI, 
                         TM_MENU.MEN_GRUPO, TM_ROL.ROL_NOM, TM_USUARIO.USU_ID
FROM            TD_MENU INNER JOIN
                         TM_MENU ON TD_MENU.MEN_ID = TM_MENU.MEN_ID INNER JOIN
                         TM_ROL ON TD_MENU.ROL_ID = TM_ROL.ROL_ID INNER JOIN
                         TM_USUARIO ON TM_ROL.ROL_ID = TM_USUARIO.ROL_ID  
 WHERE   
 TM_USUARIO.USU_ID=1  
 AND MEND_PERMI ='Si'
 AND TM_MENU.MEN_IDENTI = 'mntsucursal'
END
GO
/****** Object:  StoredProcedure [dbo].[SP_L_MONEDA_01]    Script Date: 25/11/2023 13:44:42 ******/
SET ANSI_NULLS ON
GO
SET QUOTED_IDENTIFIER ON
GO
CREATE PROCEDURE [dbo].[SP_L_MONEDA_01]  
@SUC_ID INT  
AS  
BEGIN  
 SELECT 
	 MON_ID,
	 SUC_ID,
	 MON_NOM,
	 CONVERT(VARCHAR,FECH_CREA,103) AS FECH_CREA,
	 EST
 FROM TM_MONEDA  
 WHERE  
 SUC_ID = @SUC_ID  
 AND EST=1  
END
GO
/****** Object:  StoredProcedure [dbo].[SP_L_MONEDA_02]    Script Date: 25/11/2023 13:44:42 ******/
SET ANSI_NULLS ON
GO
SET QUOTED_IDENTIFIER ON
GO
CREATE PROCEDURE [dbo].[SP_L_MONEDA_02]
@MON_ID INT
AS
BEGIN
	SELECT * FROM TM_MONEDA
	WHERE
	MON_ID = @MON_ID
END
GO
/****** Object:  StoredProcedure [dbo].[SP_L_PAGO_01]    Script Date: 25/11/2023 13:44:42 ******/
SET ANSI_NULLS ON
GO
SET QUOTED_IDENTIFIER ON
GO
CREATE PROCEDURE [dbo].[SP_L_PAGO_01]

AS
BEGIN
	SELECT * FROM TM_PAGO WHERE EST=1
END
GO
/****** Object:  StoredProcedure [dbo].[SP_L_PRODUCTO_01]    Script Date: 25/11/2023 13:44:42 ******/
SET ANSI_NULLS ON
GO
SET QUOTED_IDENTIFIER ON
GO
CREATE PROCEDURE [dbo].[SP_L_PRODUCTO_01]  
@SUC_ID INT  
AS  
BEGIN  
 SELECT        
TM_PRODUCTO.PROD_ID, 
TM_PRODUCTO.SUC_ID, 
TM_PRODUCTO.CAT_ID, 
TM_PRODUCTO.PROD_NOM, 
TM_PRODUCTO.PROD_DESCRIP, 
TM_PRODUCTO.UND_ID, 
TM_PRODUCTO.MON_ID, 
TM_PRODUCTO.PROD_PCOMPRA, 
TM_PRODUCTO.PROD_PVENTA, 
TM_PRODUCTO.PROD_STOCK, 
TM_PRODUCTO.PROD_FECHAVEN, 
TM_PRODUCTO.PROD_IMG, 
TM_PRODUCTO.FECH_CREA, 
TM_PRODUCTO.EST, 
TM_CATEGORIA.CAT_NOM, 
TM_MONEDA.MON_NOM, 
TM_UNIDAD.UND_NOM
FROM            
TM_PRODUCTO INNER JOIN
TM_CATEGORIA ON TM_PRODUCTO.CAT_ID = TM_CATEGORIA.CAT_ID INNER JOIN
TM_MONEDA ON TM_PRODUCTO.MON_ID = TM_MONEDA.MON_ID INNER JOIN
TM_UNIDAD ON TM_PRODUCTO.UND_ID = TM_UNIDAD.UND_ID
 WHERE  
 TM_PRODUCTO.SUC_ID = @SUC_ID  
 AND TM_PRODUCTO.EST=1  
END
GO
/****** Object:  StoredProcedure [dbo].[SP_L_PRODUCTO_02]    Script Date: 25/11/2023 13:44:42 ******/
SET ANSI_NULLS ON
GO
SET QUOTED_IDENTIFIER ON
GO
CREATE PROCEDURE [dbo].[SP_L_PRODUCTO_02]  
@PROD_ID INT  
AS  
BEGIN  
 SELECT          
TM_PRODUCTO.PROD_ID,   
TM_PRODUCTO.SUC_ID,   
TM_PRODUCTO.CAT_ID,   
TM_PRODUCTO.PROD_NOM,   
TM_PRODUCTO.PROD_DESCRIP,   
TM_PRODUCTO.UND_ID,   
TM_PRODUCTO.MON_ID,   
TM_PRODUCTO.PROD_PCOMPRA,   
TM_PRODUCTO.PROD_PVENTA,   
TM_PRODUCTO.PROD_STOCK,   
TM_PRODUCTO.PROD_FECHAVEN,   
TM_PRODUCTO.PROD_IMG,   
TM_PRODUCTO.FECH_CREA,   
TM_PRODUCTO.EST,   
TM_CATEGORIA.CAT_NOM,   
TM_MONEDA.MON_NOM,   
TM_UNIDAD.UND_NOM  
FROM              
TM_PRODUCTO INNER JOIN  
TM_CATEGORIA ON TM_PRODUCTO.CAT_ID = TM_CATEGORIA.CAT_ID INNER JOIN  
TM_MONEDA ON TM_PRODUCTO.MON_ID = TM_MONEDA.MON_ID INNER JOIN  
TM_UNIDAD ON TM_PRODUCTO.UND_ID = TM_UNIDAD.UND_ID  
 WHERE  
 TM_PRODUCTO.PROD_ID = @PROD_ID  
END
GO
/****** Object:  StoredProcedure [dbo].[SP_L_PRODUCTO_03]    Script Date: 25/11/2023 13:44:42 ******/
SET ANSI_NULLS ON
GO
SET QUOTED_IDENTIFIER ON
GO
CREATE PROCEDURE [dbo].[SP_L_PRODUCTO_03]    
@CAT_ID INT    
AS    
BEGIN    
SELECT          
TM_PRODUCTO.PROD_ID,   
TM_PRODUCTO.SUC_ID,   
TM_PRODUCTO.CAT_ID,   
TM_PRODUCTO.PROD_NOM,   
TM_PRODUCTO.PROD_DESCRIP,   
TM_PRODUCTO.UND_ID,   
TM_PRODUCTO.MON_ID,   
TM_PRODUCTO.PROD_PCOMPRA,   
TM_PRODUCTO.PROD_PVENTA,   
TM_PRODUCTO.PROD_STOCK,   
TM_PRODUCTO.PROD_FECHAVEN,   
TM_PRODUCTO.PROD_IMG,   
TM_PRODUCTO.FECH_CREA,   
TM_PRODUCTO.EST,   
TM_CATEGORIA.CAT_NOM,   
TM_MONEDA.MON_NOM,   
TM_UNIDAD.UND_NOM  
FROM              
TM_PRODUCTO INNER JOIN  
TM_CATEGORIA ON TM_PRODUCTO.CAT_ID = TM_CATEGORIA.CAT_ID INNER JOIN  
TM_MONEDA ON TM_PRODUCTO.MON_ID = TM_MONEDA.MON_ID INNER JOIN  
TM_UNIDAD ON TM_PRODUCTO.UND_ID = TM_UNIDAD.UND_ID  
 WHERE    
 TM_PRODUCTO. CAT_ID = @CAT_ID    
 AND TM_PRODUCTO.EST=1    
END
GO
/****** Object:  StoredProcedure [dbo].[SP_L_PRODUCTO_05]    Script Date: 25/11/2023 13:44:42 ******/
SET ANSI_NULLS ON
GO
SET QUOTED_IDENTIFIER ON
GO
CREATE PROCEDURE [dbo].[SP_L_PRODUCTO_05]
@PROD_ID INT
AS
BEGIN
	SELECT * FROM 
	(
		SELECT        
		TM_COMPRA.COMPR_ID, 
		CONVERT(VARCHAR,TM_COMPRA.FECH_CREA,103) AS FECH_CREA,
		TD_COMPRA_DETALLE.DETC_CANT, 
		TD_COMPRA_DETALLE.PROD_ID, 
		TM_DOCUMENTO.DOC_NOM,
		'Compra' as REGISTRO
		FROM            
		TM_COMPRA INNER JOIN
		TD_COMPRA_DETALLE ON TM_COMPRA.COMPR_ID = TD_COMPRA_DETALLE.COMPR_ID INNER JOIN
		TM_DOCUMENTO ON TM_COMPRA.DOC_ID = TM_DOCUMENTO.DOC_ID
		WHERE        
		TM_COMPRA.EST = 1 
		AND TD_COMPRA_DETALLE.PROD_ID = @PROD_ID

		UNION ALL

		SELECT        
		TM_VENTA.VENT_ID, 
		CONVERT(VARCHAR,TM_VENTA.FECH_CREA,103) AS FECH_CREA,
		TD_VENTA_DETALLE.DETV_CANT, 
		TD_VENTA_DETALLE.PROD_ID, 
		TM_DOCUMENTO.DOC_NOM,
		'Venta' as REGISTRO
		FROM            
		TM_VENTA INNER JOIN
		TD_VENTA_DETALLE ON TM_VENTA.VENT_ID = TD_VENTA_DETALLE.VENT_ID INNER JOIN
		TM_DOCUMENTO ON TM_VENTA.DOC_ID = TM_DOCUMENTO.DOC_ID
		WHERE        
		TM_VENTA.EST = 1 
		AND TD_VENTA_DETALLE.PROD_ID = @PROD_ID
	) TABLA 
	ORDER BY 
	FECH_CREA DESC
END
GO
/****** Object:  StoredProcedure [dbo].[SP_L_PROVEEDOR_01]    Script Date: 25/11/2023 13:44:42 ******/
SET ANSI_NULLS ON
GO
SET QUOTED_IDENTIFIER ON
GO
CREATE PROCEDURE [dbo].[SP_L_PROVEEDOR_01]
@EMP_ID INT
AS
BEGIN
	SELECT * FROM TM_PROVEEDOR
	WHERE
	EMP_ID = @EMP_ID
	AND EST=1
END
GO
/****** Object:  StoredProcedure [dbo].[SP_L_PROVEEDOR_02]    Script Date: 25/11/2023 13:44:42 ******/
SET ANSI_NULLS ON
GO
SET QUOTED_IDENTIFIER ON
GO
CREATE PROCEDURE [dbo].[SP_L_PROVEEDOR_02]
@PROV_ID INT
AS
BEGIN
	SELECT * FROM TM_PROVEEDOR
	WHERE
	PROV_ID = @PROV_ID
END
GO
/****** Object:  StoredProcedure [dbo].[SP_L_REPORTE_COMPRA_01]    Script Date: 25/11/2023 13:44:42 ******/
SET ANSI_NULLS ON
GO
SET QUOTED_IDENTIFIER ON
GO
CREATE PROCEDURE [dbo].[SP_L_REPORTE_COMPRA_01]        
      
AS        
BEGIN        
SELECT        TM_COMPRA.COMPR_ID, TM_COMPRA.PROV_RUC, 
TM_COMPRA.PROV_DIRECC, 
TM_COMPRA.PROV_CORREO, 
TM_COMPRA.COMPR_SUBTOTAL, TM_COMPRA.COMPR_IGV, 
TM_COMPRA.COMPR_TOTAL, 
                         TM_COMPRA.COMPR_COMENT, 
						 TM_COMPRA.USU_ID, 
						 TM_COMPRA.MON_ID, 
						 CONVERT(VARCHAR,TM_COMPRA.FECH_CREA,103) AS FECH_CREA,
						 TM_SUCURSAL.SUC_NOM, TM_EMPRESA.EMP_NOM, TM_EMPRESA.EMP_RUC, TM_EMPRESA.EMP_CORREO, 
                         TM_EMPRESA.EMP_TELF, TM_EMPRESA.EMP_DIRECC, TM_EMPRESA.EMP_PAG, TM_COMPANIA.COM_NOM, TM_USUARIO.USU_CORREO, TM_USUARIO.USU_NOM, TM_USUARIO.USU_APE, TM_USUARIO.USU_DNI, 
                         TM_USUARIO.USU_TELF, TM_USUARIO.USU_IMG, TM_ROL.ROL_NOM, TM_PAGO.PAG_NOM, TM_MONEDA.MON_NOM, TM_PROVEEDOR.PROV_NOM, TM_DOCUMENTO.DOC_NOM
FROM            
TM_COMPRA INNER JOIN
TM_SUCURSAL ON TM_COMPRA.SUC_ID = TM_SUCURSAL.SUC_ID INNER JOIN
TM_EMPRESA ON TM_SUCURSAL.EMP_ID = TM_EMPRESA.EMP_ID INNER JOIN
TM_COMPANIA ON TM_EMPRESA.COM_ID = TM_COMPANIA.COM_ID INNER JOIN
TM_USUARIO ON TM_COMPRA.USU_ID = TM_USUARIO.USU_ID INNER JOIN
TM_ROL ON TM_USUARIO.ROL_ID = TM_ROL.ROL_ID INNER JOIN
TM_PAGO ON TM_COMPRA.PAG_ID = TM_PAGO.PAG_ID INNER JOIN
TM_MONEDA ON TM_COMPRA.MON_ID = TM_MONEDA.MON_ID INNER JOIN
TM_PROVEEDOR ON TM_COMPRA.PROV_ID = TM_PROVEEDOR.PROV_ID INNER JOIN
TM_DOCUMENTO ON TM_COMPRA.DOC_ID = TM_DOCUMENTO.DOC_ID
WHERE        
TM_COMPRA.EST = 1     
      
END  
GO
/****** Object:  StoredProcedure [dbo].[SP_L_REPORTE_VENTA_01]    Script Date: 25/11/2023 13:44:42 ******/
SET ANSI_NULLS ON
GO
SET QUOTED_IDENTIFIER ON
GO
CREATE PROCEDURE [dbo].[SP_L_REPORTE_VENTA_01]            
        
AS            
BEGIN            
SELECT          
TM_VENTA.VENT_ID,   
TM_VENTA.CLI_RUC,   
TM_VENTA.CLI_DIRECC,   
TM_VENTA.CLI_CORREO,   
TM_VENTA.VENT_SUBTOTAL,   
TM_VENTA.VENT_IGV,   
TM_VENTA.VENT_TOTAL,   
TM_VENTA.VENT_COMENT,   
CONVERT(VARCHAR,TM_VENTA.FECH_CREA,103) AS FECH_CREA,  
TM_SUCURSAL.SUC_NOM,   
TM_EMPRESA.EMP_NOM,   
TM_EMPRESA.EMP_RUC,   
  
TM_EMPRESA.EMP_CORREO,   
TM_EMPRESA.EMP_TELF,   
TM_EMPRESA.EMP_DIRECC,   
TM_EMPRESA.EMP_PAG,   
TM_COMPANIA.COM_NOM,   
TM_USUARIO.USU_CORREO,   
TM_USUARIO.USU_NOM,   
TM_USUARIO.USU_APE,   
TM_USUARIO.USU_DNI,   
TM_USUARIO.USU_TELF,   
TM_USUARIO.USU_IMG,   
TM_ROL.ROL_NOM,   
TM_PAGO.PAG_NOM,   
TM_MONEDA.MON_NOM,   
TM_CLIENTE.CLI_NOM,   
TM_DOCUMENTO.DOC_NOM,   
TM_DOCUMENTO.DOC_TIPO  
FROM              
TM_VENTA INNER JOIN  
TM_SUCURSAL ON TM_VENTA.SUC_ID = TM_SUCURSAL.SUC_ID INNER JOIN  
TM_EMPRESA ON TM_SUCURSAL.EMP_ID = TM_EMPRESA.EMP_ID INNER JOIN  
TM_COMPANIA ON TM_EMPRESA.COM_ID = TM_COMPANIA.COM_ID INNER JOIN  
TM_USUARIO ON TM_VENTA.USU_ID = TM_USUARIO.USU_ID INNER JOIN  
TM_ROL ON TM_USUARIO.ROL_ID = TM_ROL.ROL_ID INNER JOIN  
TM_PAGO ON TM_VENTA.PAG_ID = TM_PAGO.PAG_ID INNER JOIN  
TM_MONEDA ON TM_VENTA.MON_ID = TM_MONEDA.MON_ID INNER JOIN  
TM_CLIENTE ON TM_VENTA.CLI_ID = TM_CLIENTE.CLI_ID INNER JOIN  
TM_DOCUMENTO ON TM_VENTA.DOC_ID = TM_DOCUMENTO.DOC_ID  
WHERE   
TM_VENTA.EST = 1

END 
GO
/****** Object:  StoredProcedure [dbo].[SP_L_ROL_01]    Script Date: 25/11/2023 13:44:42 ******/
SET ANSI_NULLS ON
GO
SET QUOTED_IDENTIFIER ON
GO
CREATE PROCEDURE [dbo].[SP_L_ROL_01]
@SUC_ID INT
AS
BEGIN
	SELECT * FROM TM_ROL
	WHERE
	SUC_ID = @SUC_ID
	AND EST=1
END
GO
/****** Object:  StoredProcedure [dbo].[SP_L_ROL_02]    Script Date: 25/11/2023 13:44:42 ******/
SET ANSI_NULLS ON
GO
SET QUOTED_IDENTIFIER ON
GO
CREATE PROCEDURE [dbo].[SP_L_ROL_02]
@ROL_ID INT
AS
BEGIN
	SELECT * FROM TM_ROL
	WHERE
	ROL_ID = @ROL_ID
END
GO
/****** Object:  StoredProcedure [dbo].[SP_L_SUCURSAL_01]    Script Date: 25/11/2023 13:44:42 ******/
SET ANSI_NULLS ON
GO
SET QUOTED_IDENTIFIER ON
GO
CREATE PROCEDURE [dbo].[SP_L_SUCURSAL_01]
@EMP_ID INT
AS
BEGIN
	SELECT * FROM TM_SUCURSAL
	WHERE
	EMP_ID = @EMP_ID
	AND EST=1
END
GO
/****** Object:  StoredProcedure [dbo].[SP_L_SUCURSAL_02]    Script Date: 25/11/2023 13:44:42 ******/
SET ANSI_NULLS ON
GO
SET QUOTED_IDENTIFIER ON
GO
CREATE PROCEDURE [dbo].[SP_L_SUCURSAL_02]
@SUC_ID INT
AS
BEGIN
	SELECT * FROM TM_SUCURSAL
	WHERE
	SUC_ID = @SUC_ID
END
GO
/****** Object:  StoredProcedure [dbo].[SP_L_UNIDAD_01]    Script Date: 25/11/2023 13:44:42 ******/
SET ANSI_NULLS ON
GO
SET QUOTED_IDENTIFIER ON
GO
CREATE PROCEDURE [dbo].[SP_L_UNIDAD_01]
@SUC_ID INT
AS
BEGIN
	SELECT * FROM TM_UNIDAD
	WHERE
	SUC_ID = @SUC_ID
	AND EST=1
END
GO
/****** Object:  StoredProcedure [dbo].[SP_L_UNIDAD_02]    Script Date: 25/11/2023 13:44:42 ******/
SET ANSI_NULLS ON
GO
SET QUOTED_IDENTIFIER ON
GO
CREATE PROCEDURE [dbo].[SP_L_UNIDAD_02]
@UND_ID INT
AS
BEGIN
	SELECT * FROM TM_UNIDAD
	WHERE
	UND_ID = @UND_ID
END
GO
/****** Object:  StoredProcedure [dbo].[SP_L_USUARIO_01]    Script Date: 25/11/2023 13:44:42 ******/
SET ANSI_NULLS ON
GO
SET QUOTED_IDENTIFIER ON
GO
CREATE PROCEDURE [dbo].[SP_L_USUARIO_01]    
@SUC_ID INT    
AS    
BEGIN    
SELECT          
TM_USUARIO.USU_ID,   
TM_USUARIO.SUC_ID,   
TM_USUARIO.USU_CORREO,   
TM_USUARIO.USU_NOM,   
TM_USUARIO.USU_APE,   
TM_USUARIO.USU_DNI,   
TM_USUARIO.USU_TELF,   
TM_USUARIO.USU_PASS,  
TM_USUARIO.USU_IMG,
TM_USUARIO.ROL_ID,   
TM_USUARIO.FECH_CREA,  
TM_ROL.ROL_NOM,   
TM_USUARIO.EST  
FROM              
TM_USUARIO INNER JOIN  
TM_ROL ON TM_USUARIO.ROL_ID = TM_ROL.ROL_ID  
WHERE    
TM_USUARIO.SUC_ID = @SUC_ID    
AND TM_USUARIO.EST=1    
END
GO
/****** Object:  StoredProcedure [dbo].[SP_L_USUARIO_02]    Script Date: 25/11/2023 13:44:42 ******/
SET ANSI_NULLS ON
GO
SET QUOTED_IDENTIFIER ON
GO
CREATE PROCEDURE [dbo].[SP_L_USUARIO_02]  
@USU_ID INT  
AS  
BEGIN  
 SELECT * FROM TM_USUARIO  
 WHERE  
 USU_ID = @USU_ID  
END
GO
/****** Object:  StoredProcedure [dbo].[SP_L_USUARIO_03]    Script Date: 25/11/2023 13:44:42 ******/
SET ANSI_NULLS ON
GO
SET QUOTED_IDENTIFIER ON
GO
CREATE PROCEDURE [dbo].[SP_L_USUARIO_03]
@USU_CORREO VARCHAR(150),
@USU_PASS VARCHAR(50)
AS
BEGIN
	SELECT * FROM TM_USUARIO
	WHERE
	USU_CORREO = @USU_CORREO
	AND USU_PASS = @USU_PASS
	AND EST=1
END
GO
/****** Object:  StoredProcedure [dbo].[SP_L_USUARIO_04]    Script Date: 25/11/2023 13:44:42 ******/
SET ANSI_NULLS ON
GO
SET QUOTED_IDENTIFIER ON
GO
CREATE PROCEDURE [dbo].[SP_L_USUARIO_04]
@SUC_ID INT,
@USU_CORREO VARCHAR(50),
@USU_PASS VARCHAR(30)
AS  
BEGIN  
SELECT        
TM_USUARIO.USU_ID, 
TM_USUARIO.SUC_ID, 
TM_USUARIO.USU_CORREO, 
TM_USUARIO.USU_NOM, 
TM_USUARIO.USU_APE, 
TM_USUARIO.USU_DNI, 
TM_USUARIO.USU_TELF, 
TM_USUARIO.USU_PASS, 
TM_USUARIO.ROL_ID,
TM_USUARIO.USU_IMG,
TM_SUCURSAL.EMP_ID,
TM_SUCURSAL.SUC_NOM,
TM_EMPRESA.EMP_ID,
TM_EMPRESA.EMP_NOM,
TM_EMPRESA.EMP_RUC,
TM_EMPRESA.COM_ID,
TM_COMPANIA.COM_NOM
FROM            
	TM_USUARIO INNER JOIN
	TM_SUCURSAL ON TM_USUARIO.SUC_ID = TM_SUCURSAL.SUC_ID INNER JOIN
	TM_EMPRESA ON TM_SUCURSAL.EMP_ID = TM_EMPRESA.EMP_ID INNER JOIN
	TM_COMPANIA ON TM_EMPRESA.COM_ID = TM_EMPRESA.COM_ID
	WHERE  
	TM_USUARIO.SUC_ID = @SUC_ID  
	AND TM_USUARIO.USU_CORREO = @USU_CORREO
	AND TM_USUARIO.USU_PASS = @USU_PASS
	AND TM_USUARIO.EST=1  
END
GO
/****** Object:  StoredProcedure [dbo].[SP_L_VENTA_01]    Script Date: 25/11/2023 13:44:42 ******/
SET ANSI_NULLS ON
GO
SET QUOTED_IDENTIFIER ON
GO
 CREATE PROCEDURE [dbo].[SP_L_VENTA_01]         
@VENT_ID INT        
AS        
BEGIN        
 SELECT                
 TD_VENTA_DETALLE.DETV_ID,         
 TM_CATEGORIA.CAT_NOM,         
 TM_PRODUCTO.PROD_NOM,
 TM_PRODUCTO.PROD_IMG,
 TM_UNIDAD.UND_NOM,         
 TD_VENTA_DETALLE.PROD_PVENTA,        
 TD_VENTA_DETALLE.DETV_CANT,         
 TD_VENTA_DETALLE.DETV_TOTAL,         
 TD_VENTA_DETALLE.VENT_ID,         
 TD_VENTA_DETALLE.PROD_ID        
 FROM                    
 TD_VENTA_DETALLE INNER JOIN        
 TM_PRODUCTO ON TD_VENTA_DETALLE.PROD_ID = TM_PRODUCTO.PROD_ID INNER JOIN        
 TM_CATEGORIA ON TM_PRODUCTO.CAT_ID = TM_CATEGORIA.CAT_ID INNER JOIN        
 TM_UNIDAD ON TM_PRODUCTO.UND_ID = TM_UNIDAD.UND_ID        
 WHERE        
 TD_VENTA_DETALLE.VENT_ID = @VENT_ID        
 AND TD_VENTA_DETALLE.EST=1        
END
GO
/****** Object:  StoredProcedure [dbo].[SP_L_VENTA_02]    Script Date: 25/11/2023 13:44:42 ******/
SET ANSI_NULLS ON
GO
SET QUOTED_IDENTIFIER ON
GO
CREATE PROCEDURE [dbo].[SP_L_VENTA_02]
@VENT_ID INT
AS
BEGIN
SELECT        
TM_VENTA.VENT_ID, 
TM_VENTA.SUC_ID, 
TM_VENTA.PAG_ID, 
TM_VENTA.CLI_ID, 
TM_VENTA.CLI_RUC, 
TM_VENTA.CLI_DIRECC, 
TM_VENTA.CLI_CORREO, 
TM_VENTA.VENT_SUBTOTAL, 
TM_VENTA.VENT_IGV, 
TM_VENTA.VENT_TOTAL, 
TM_VENTA.VENT_COMENT, 
TM_VENTA.USU_ID, 
TM_VENTA.MON_ID, 
TM_VENTA.FECH_CREA, 
TM_VENTA.EST, 
TM_SUCURSAL.SUC_NOM, 
TM_EMPRESA.EMP_NOM, 
TM_EMPRESA.EMP_RUC, 
TM_EMPRESA.EMP_CORREO, 
TM_EMPRESA.EMP_TELF, 
TM_EMPRESA.EMP_DIRECC, 
TM_EMPRESA.EMP_PAG, 
TM_COMPANIA.COM_NOM, 
TM_USUARIO.USU_CORREO, 
TM_USUARIO.USU_NOM, 
TM_USUARIO.USU_APE, 
TM_USUARIO.USU_DNI, 
TM_USUARIO.USU_TELF, 
TM_ROL.ROL_NOM, 
TM_PAGO.PAG_NOM, 
TM_MONEDA.MON_NOM,
TM_CLIENTE.CLI_NOM
FROM            
TM_VENTA INNER JOIN
TM_SUCURSAL ON TM_VENTA.SUC_ID = TM_SUCURSAL.SUC_ID INNER JOIN
TM_EMPRESA ON TM_SUCURSAL.EMP_ID = TM_EMPRESA.EMP_ID INNER JOIN
TM_COMPANIA ON TM_EMPRESA.COM_ID = TM_COMPANIA.COM_ID INNER JOIN
TM_USUARIO ON TM_VENTA.USU_ID = TM_USUARIO.USU_ID INNER JOIN
TM_ROL ON TM_USUARIO.ROL_ID = TM_ROL.ROL_ID INNER JOIN
TM_PAGO ON TM_VENTA.PAG_ID = TM_PAGO.PAG_ID INNER JOIN
TM_MONEDA ON TM_VENTA.MON_ID = TM_MONEDA.MON_ID INNER JOIN
TM_CLIENTE ON TM_VENTA.CLI_ID = TM_CLIENTE.CLI_ID
WHERE  
TM_VENTA.VENT_ID = @VENT_ID
END
GO
/****** Object:  StoredProcedure [dbo].[SP_L_VENTA_03]    Script Date: 25/11/2023 13:44:42 ******/
SET ANSI_NULLS ON
GO
SET QUOTED_IDENTIFIER ON
GO
CREATE PROCEDURE [dbo].[SP_L_VENTA_03]        
@SUC_ID INT        
AS        
BEGIN        
 SELECT                
 TM_VENTA.VENT_ID,         
 TM_VENTA.SUC_ID,         
 TM_VENTA.PAG_ID,         
 TM_VENTA.CLI_ID,         
 TM_VENTA.CLI_RUC,         
 TM_VENTA.CLI_DIRECC,         
 TM_VENTA.CLI_CORREO,         
 TM_VENTA.VENT_SUBTOTAL,         
 TM_VENTA.VENT_IGV,         
 TM_VENTA.VENT_TOTAL,         
 TM_VENTA.VENT_COMENT,         
 TM_VENTA.USU_ID,         
 TM_VENTA.MON_ID,         
 TM_VENTA.FECH_CREA,         
 TM_VENTA.EST,         
 TM_SUCURSAL.SUC_NOM,         
 TM_EMPRESA.EMP_NOM,         
 TM_EMPRESA.EMP_RUC,         
 TM_EMPRESA.EMP_CORREO,         
 TM_EMPRESA.EMP_TELF,         
 TM_EMPRESA.EMP_DIRECC,         
 TM_EMPRESA.EMP_PAG,         
 TM_COMPANIA.COM_NOM,         
 TM_USUARIO.USU_CORREO,         
 TM_USUARIO.USU_NOM,         
 TM_USUARIO.USU_APE,         
 TM_USUARIO.USU_DNI,         
 TM_USUARIO.USU_TELF,    
 TM_USUARIO.USU_IMG,     
 TM_ROL.ROL_NOM,         
 TM_PAGO.PAG_NOM,         
 TM_MONEDA.MON_NOM,        
 TM_CLIENTE.CLI_NOM,
 TM_DOCUMENTO.DOC_NOM 
 FROM                    
 TM_VENTA INNER JOIN        
 TM_SUCURSAL ON TM_VENTA.SUC_ID = TM_SUCURSAL.SUC_ID INNER JOIN        
 TM_EMPRESA ON TM_SUCURSAL.EMP_ID = TM_EMPRESA.EMP_ID INNER JOIN        
 TM_COMPANIA ON TM_EMPRESA.COM_ID = TM_COMPANIA.COM_ID INNER JOIN        
 TM_USUARIO ON TM_VENTA.USU_ID = TM_USUARIO.USU_ID INNER JOIN        
 TM_ROL ON TM_USUARIO.ROL_ID = TM_ROL.ROL_ID INNER JOIN        
 TM_PAGO ON TM_VENTA.PAG_ID = TM_PAGO.PAG_ID INNER JOIN        
 TM_MONEDA ON TM_VENTA.MON_ID = TM_MONEDA.MON_ID INNER JOIN        
 TM_CLIENTE ON TM_VENTA.CLI_ID = TM_CLIENTE.CLI_ID INNER JOIN
 TM_DOCUMENTO ON TM_VENTA.DOC_ID = TM_DOCUMENTO.DOC_ID        
 WHERE        
 TM_VENTA.EST=1        
 AND TM_VENTA.SUC_ID = @SUC_ID        
END 
GO
/****** Object:  StoredProcedure [dbo].[SP_L_VENTA_04]    Script Date: 25/11/2023 13:44:42 ******/
SET ANSI_NULLS ON
GO
SET QUOTED_IDENTIFIER ON
GO
CREATE procedure [dbo].[SP_L_VENTA_04]
@SUC_ID INT
AS
BEGIN

SELECT        
TOP(5) 
TD_VENTA_DETALLE.PROD_ID, 
SUM(TD_VENTA_DETALLE.DETV_CANT) AS CANT, 
TM_PRODUCTO.PROD_PVENTA, 
TM_PRODUCTO.PROD_NOM, 
TM_CATEGORIA.CAT_NOM, 
TM_UNIDAD.UND_NOM, 
TM_PRODUCTO.PROD_STOCK, 
TM_PRODUCTO.PROD_IMG,
TM_MONEDA.MON_NOM,
SUM(TM_VENTA.VENT_TOTAL) AS TOTAL
FROM            
TD_VENTA_DETALLE INNER JOIN
TM_PRODUCTO ON TD_VENTA_DETALLE.PROD_ID = TM_PRODUCTO.PROD_ID INNER JOIN
TM_CATEGORIA ON TM_PRODUCTO.CAT_ID = TM_CATEGORIA.CAT_ID INNER JOIN
TM_UNIDAD ON TM_PRODUCTO.UND_ID = TM_UNIDAD.UND_ID INNER JOIN
TM_VENTA ON TD_VENTA_DETALLE.VENT_ID = TM_VENTA.VENT_ID INNER JOIN
TM_MONEDA ON TM_VENTA.MON_ID = TM_MONEDA.MON_ID
where
TM_VENTA.EST=1
and TM_PRODUCTO.est=1
AND TM_VENTA.SUC_ID = @SUC_ID
GROUP BY 
TD_VENTA_DETALLE.PROD_ID, 
TM_PRODUCTO.PROD_PVENTA, 
TM_PRODUCTO.PROD_NOM, 
TM_CATEGORIA.CAT_NOM, 
TM_UNIDAD.UND_NOM, 
TM_PRODUCTO.PROD_STOCK, 
TM_PRODUCTO.PROD_IMG,
TM_MONEDA.MON_NOM
ORDER BY CANT DESC
END
GO
/****** Object:  StoredProcedure [dbo].[SP_L_VENTA_06]    Script Date: 25/11/2023 13:44:42 ******/
SET ANSI_NULLS ON
GO
SET QUOTED_IDENTIFIER ON
GO
CREATE PROCEDURE [dbo].[SP_L_VENTA_06]
@SUC_ID INT
AS
BEGIN
SELECT
CONVERT(VARCHAR,FECH_CREA,103) AS FECH_CREA,
SUM(VENT_TOTAL) AS VENT_TOTAL
FROM TM_VENTA
WHERE 
EST = 1
AND SUC_ID = @SUC_ID
GROUP BY CONVERT(VARCHAR,FECH_CREA,103)
END
GO
/****** Object:  StoredProcedure [dbo].[SP_U_CATEGORIA_01]    Script Date: 25/11/2023 13:44:42 ******/
SET ANSI_NULLS ON
GO
SET QUOTED_IDENTIFIER ON
GO
CREATE PROCEDURE [dbo].[SP_U_CATEGORIA_01]
@CAT_ID INT,
@SUC_ID INT,
@CAT_NOM VARCHAR(150)
AS
BEGIN
	UPDATE TM_CATEGORIA
	SET
		SUC_ID = @SUC_ID,
		CAT_NOM = @CAT_NOM
	WHERE
	CAT_ID = @CAT_ID
END
GO
/****** Object:  StoredProcedure [dbo].[SP_U_CLIENTE_01]    Script Date: 25/11/2023 13:44:42 ******/
SET ANSI_NULLS ON
GO
SET QUOTED_IDENTIFIER ON
GO
CREATE PROCEDURE [dbo].[SP_U_CLIENTE_01]  
@CLI_ID INT,  
@EMP_ID INT,  
@CLI_NOM VARCHAR(150),  
@CLI_RUC VARCHAR(15),  
@CLI_TELF VARCHAR(50),  
@CLI_DIRECC VARCHAR(150),  
@CLI_CORREO VARCHAR(50)  
AS  
BEGIN  
 UPDATE TM_CLIENTE  
 SET  
  EMP_ID = @EMP_ID,  
  CLI_NOM = @CLI_NOM,  
  CLI_RUC = @CLI_RUC,  
  CLI_TELF = @CLI_TELF,  
  CLI_DIRECC = @CLI_DIRECC,  
  CLI_CORREO = @CLI_CORREO  
  
 WHERE  
  CLI_ID = @CLI_ID  
END
GO
/****** Object:  StoredProcedure [dbo].[SP_U_COMPANIA_01]    Script Date: 25/11/2023 13:44:42 ******/
SET ANSI_NULLS ON
GO
SET QUOTED_IDENTIFIER ON
GO
CREATE PROCEDURE [dbo].[SP_U_COMPANIA_01]
@COM_ID INT,
@COM_NOM VARCHAR(150)
AS
BEGIN
	UPDATE TM_COMPANIA
	SET
		COM_NOM = @COM_NOM
	WHERE
	COM_ID = @COM_ID
END
GO
/****** Object:  StoredProcedure [dbo].[SP_U_COMPRA_01]    Script Date: 25/11/2023 13:44:42 ******/
SET ANSI_NULLS ON
GO
SET QUOTED_IDENTIFIER ON
GO
CREATE PROCEDURE [dbo].[SP_U_COMPRA_01]
@COMPR_ID INT
AS
BEGIN
SET NOCOUNT ON
	UPDATE TM_COMPRA
	SET
		COMPR_SUBTOTAL = (SELECT SUM(DETC_TOTAL) AS COMPR_SUBTOTAL FROM TD_COMPRA_DETALLE WHERE COMPR_ID=@COMPR_ID AND EST=1),
		COMPR_IGV = (SELECT SUM(DETC_TOTAL) AS COMPR_SUBTOTAL FROM TD_COMPRA_DETALLE WHERE COMPR_ID=@COMPR_ID AND EST=1) * 0.18,
		COMPR_TOTAL = (SELECT SUM(DETC_TOTAL) AS COMPR_SUBTOTAL FROM TD_COMPRA_DETALLE WHERE COMPR_ID=@COMPR_ID AND EST=1) + ((SELECT SUM(DETC_TOTAL) AS COMPR_SUBTOTAL FROM TD_COMPRA_DETALLE WHERE COMPR_ID=@COMPR_ID AND EST=1) * 0.18)
	WHERE
		COMPR_ID = @COMPR_ID

	SELECT 
		COMPR_SUBTOTAL,
		COMPR_IGV,
		COMPR_TOTAL 
	FROM 
		TM_COMPRA
	WHERE
		COMPR_ID = @COMPR_ID
SET NOCOUNT OFF
END
GO
/****** Object:  StoredProcedure [dbo].[SP_U_COMPRA_03]    Script Date: 25/11/2023 13:44:42 ******/
SET ANSI_NULLS ON
GO
SET QUOTED_IDENTIFIER ON
GO
CREATE PROCEDURE [dbo].[SP_U_COMPRA_03]    
@COMPR_ID INT,    
@PAG_ID INT,    
@PROV_ID INT,    
@PROV_RUC VARCHAR(20),    
@PROV_DIRECC VARCHAR(150),    
@PROV_CORREO VARCHAR(150),    
@COMPR_COMENT VARCHAR(250),    
@MON_ID INT,
@DOC_ID INT 
AS    
BEGIN    
 UPDATE TM_COMPRA    
 SET    
  PAG_ID = @PAG_ID,    
  PROV_ID = @PROV_ID,    
  PROV_RUC = @PROV_RUC,    
  PROV_DIRECC = @PROV_DIRECC,    
  PROV_CORREO = @PROV_CORREO,    
  COMPR_COMENT = @COMPR_COMENT,    
  MON_ID = @MON_ID,
  DOC_ID = @DOC_ID,
  FECH_CREA = GETDATE(),    
  EST = 1    
 WHERE    
  COMPR_ID = @COMPR_ID    
     
 DECLARE @ID_REGISTRO INT    
 DECLARE @PROD_ID INT    
 DECLARE @CANT INT    
    
 DECLARE CUR CURSOR FOR SELECT DETC_ID FROM TD_COMPRA_DETALLE WHERE COMPR_ID=@COMPR_ID    
 OPEN CUR    
 FETCH NEXT FROM CUR INTO @ID_REGISTRO    
 WHILE @@FETCH_STATUS=0    
  BEGIN    
   SELECT @PROD_ID=PROD_ID FROM TD_COMPRA_DETALLE WHERE DETC_ID = @ID_REGISTRO    
       
   SELECT @CANT=DETC_CANT FROM TD_COMPRA_DETALLE WHERE DETC_ID = @ID_REGISTRO    
    
   UPDATE TM_PRODUCTO    
   SET    
    PROD_STOCK = PROD_STOCK + @CANT    
   WHERE    
    PROD_ID = @PROD_ID    
    
   FETCH NEXT FROM CUR INTO @ID_REGISTRO    
  END    
 CLOSE CUR    
 DEALLOCATE CUR    
END
GO
/****** Object:  StoredProcedure [dbo].[SP_U_EMPRESA_01]    Script Date: 25/11/2023 13:44:42 ******/
SET ANSI_NULLS ON
GO
SET QUOTED_IDENTIFIER ON
GO
--ACTUALIZAR REGISTRO
CREATE PROCEDURE [dbo].[SP_U_EMPRESA_01]
@EMP_ID INT,
@COM_ID INT,
@EMP_NOM VARCHAR(150),
@EMP_RUC VARCHAR(150)
AS
BEGIN
	UPDATE TM_EMPRESA
	SET
		COM_ID = @COM_ID,
		EMP_NOM = @EMP_NOM,
		EMP_RUC = @EMP_RUC
	WHERE
		EMP_ID = @EMP_ID
END
GO
/****** Object:  StoredProcedure [dbo].[SP_U_MENU_01]    Script Date: 25/11/2023 13:44:42 ******/
SET ANSI_NULLS ON
GO
SET QUOTED_IDENTIFIER ON
GO
CREATE PROCEDURE [dbo].[SP_U_MENU_01]
@MEND_ID INT
AS
BEGIN
	UPDATE TD_MENU
	SET
		MEND_PERMI = 'Si'
	WHERE
		MEND_ID = @MEND_ID
END
GO
/****** Object:  StoredProcedure [dbo].[SP_U_MENU_02]    Script Date: 25/11/2023 13:44:42 ******/
SET ANSI_NULLS ON
GO
SET QUOTED_IDENTIFIER ON
GO
CREATE PROCEDURE [dbo].[SP_U_MENU_02]
@MEND_ID INT
AS
BEGIN
	UPDATE TD_MENU
	SET
		MEND_PERMI = 'No'
	WHERE
		MEND_ID = @MEND_ID
END
GO
/****** Object:  StoredProcedure [dbo].[SP_U_MONEDA_01]    Script Date: 25/11/2023 13:44:42 ******/
SET ANSI_NULLS ON
GO
SET QUOTED_IDENTIFIER ON
GO
CREATE PROCEDURE [dbo].[SP_U_MONEDA_01]
@MON_ID INT,
@SUC_ID INT,
@MON_NOM VARCHAR(150)
AS
BEGIN
	UPDATE TM_MONEDA
	SET
		SUC_ID = @SUC_ID,
		MON_NOM = @MON_NOM
	WHERE
	MON_ID = @MON_ID
END
GO
/****** Object:  StoredProcedure [dbo].[SP_U_PRODUCTO_01]    Script Date: 25/11/2023 13:44:42 ******/
SET ANSI_NULLS ON
GO
SET QUOTED_IDENTIFIER ON
GO
CREATE PROCEDURE [dbo].[SP_U_PRODUCTO_01]
@PROD_ID INT,
@SUC_ID INT,
@CAT_ID INT,
@PROD_NOM VARCHAR(150),
@PROD_DESCRIP VARCHAR(150),
@UND_ID INT,
@MON_ID INT,
@PROD_PCOMPRA NUMERIC(18,2),
@PROD_PVENTA NUMERIC(18,2),
@PROD_STOCK INT,
@PROD_FECHAVEN DATE,
@PROD_IMG VARCHAR(MAX)
AS
BEGIN
	UPDATE TM_PRODUCTO
	SET
		SUC_ID = @SUC_ID,
		CAT_ID = @CAT_ID,
		PROD_NOM = @PROD_NOM,
		PROD_DESCRIP = @PROD_DESCRIP,
		UND_ID = @UND_ID,
		MON_ID = @MON_ID,
		PROD_PCOMPRA = @PROD_PCOMPRA,
		PROD_PVENTA = @PROD_PVENTA,
		PROD_STOCK = @PROD_STOCK,
		PROD_FECHAVEN = @PROD_FECHAVEN,
		PROD_IMG = @PROD_IMG
	WHERE
		PROD_ID = @PROD_ID
END
GO
/****** Object:  StoredProcedure [dbo].[SP_U_PROVEEDOR_01]    Script Date: 25/11/2023 13:44:42 ******/
SET ANSI_NULLS ON
GO
SET QUOTED_IDENTIFIER ON
GO
CREATE PROCEDURE [dbo].[SP_U_PROVEEDOR_01]
@PROV_ID INT,
@EMP_ID INT,
@PROV_NOM VARCHAR(150),
@PROV_RUC VARCHAR(50),
@PROV_TELF VARCHAR(50),
@PROV_DIRECC VARCHAR(150),
@PROV_CORREO VARCHAR(50)
AS
BEGIN
	UPDATE TM_PROVEEDOR
	SET
		EMP_ID = @EMP_ID,
		PROV_NOM = @PROV_NOM,
		PROV_RUC = @PROV_RUC,
		PROV_TELF = @PROV_TELF,
		PROV_DIRECC = @PROV_DIRECC,
		PROV_CORREO = @PROV_CORREO

	WHERE
		PROV_ID = @PROV_ID
END
GO
/****** Object:  StoredProcedure [dbo].[SP_U_ROL_01]    Script Date: 25/11/2023 13:44:42 ******/
SET ANSI_NULLS ON
GO
SET QUOTED_IDENTIFIER ON
GO
CREATE PROCEDURE [dbo].[SP_U_ROL_01]
@ROL_ID INT,
@SUC_ID INT,
@ROL_NOM VARCHAR(150)
AS
BEGIN
	UPDATE TM_ROL
	SET
		SUC_ID = @SUC_ID,
		ROL_NOM = @ROL_NOM
	WHERE
	ROL_ID = @ROL_ID
END
GO
/****** Object:  StoredProcedure [dbo].[SP_U_SUCURSAL_01]    Script Date: 25/11/2023 13:44:42 ******/
SET ANSI_NULLS ON
GO
SET QUOTED_IDENTIFIER ON
GO
CREATE PROCEDURE [dbo].[SP_U_SUCURSAL_01]
@SUC_ID INT,
@EMP_ID INT,
@SUC_NOM VARCHAR(150)
AS
BEGIN
	UPDATE TM_SUCURSAL
	SET
		EMP_ID = @EMP_ID,
		SUC_NOM = @SUC_NOM
	WHERE
	SUC_ID = @SUC_ID
END
GO
/****** Object:  StoredProcedure [dbo].[SP_U_UNIDAD_01]    Script Date: 25/11/2023 13:44:42 ******/
SET ANSI_NULLS ON
GO
SET QUOTED_IDENTIFIER ON
GO
CREATE PROCEDURE [dbo].[SP_U_UNIDAD_01]
@UND_ID INT,
@SUC_ID INT,
@UND_NOM VARCHAR(150)
AS
BEGIN
	UPDATE TM_UNIDAD
	SET
		SUC_ID = @SUC_ID,
		UND_NOM = @UND_NOM
	WHERE
	UND_ID = @UND_ID
END
GO
/****** Object:  StoredProcedure [dbo].[SP_U_USUARIO_01]    Script Date: 25/11/2023 13:44:42 ******/
SET ANSI_NULLS ON
GO
SET QUOTED_IDENTIFIER ON
GO
CREATE PROCEDURE [dbo].[SP_U_USUARIO_01]
@USU_ID INT,
@SUC_ID INT,
@USU_CORREO VARCHAR(150),
@USU_NOM VARCHAR(150),
@USU_APE VARCHAR(150),
@USU_DNI VARCHAR(150),
@USU_TELF VARCHAR(150),
@USU_PASS VARCHAR(150),
@ROL_ID INT,
@USU_IMG VARCHAR(MAX)
AS
BEGIN
	UPDATE TM_USUARIO
	SET
		SUC_ID = @SUC_ID,
		USU_CORREO = @USU_CORREO,
		USU_NOM = @USU_NOM,
		USU_APE = @USU_APE,
		USU_DNI = @USU_DNI,
		USU_TELF = @USU_TELF,
		USU_PASS = @USU_PASS,
		ROL_ID = @ROL_ID,
		USU_IMG = @USU_IMG
	WHERE
		USU_ID = @USU_ID
END
GO
/****** Object:  StoredProcedure [dbo].[SP_U_USUARIO_02]    Script Date: 25/11/2023 13:44:42 ******/
SET ANSI_NULLS ON
GO
SET QUOTED_IDENTIFIER ON
GO
CREATE PROCEDURE [dbo].[SP_U_USUARIO_02]
@USU_ID INT,
@USU_PASS VARCHAR(50)
AS
BEGIN
	UPDATE TM_USUARIO
	SET
		USU_PASS = @USU_PASS
	WHERE
		USU_ID = @USU_ID
END
GO
/****** Object:  StoredProcedure [dbo].[SP_U_VENTA_01]    Script Date: 25/11/2023 13:44:42 ******/
SET ANSI_NULLS ON
GO
SET QUOTED_IDENTIFIER ON
GO
CREATE PROCEDURE [dbo].[SP_U_VENTA_01]
@VENT_ID INT
AS
BEGIN
SET NOCOUNT ON
	UPDATE TM_VENTA
	SET
		VENT_SUBTOTAL = (SELECT SUM(DETV_TOTAL) AS VENT_SUBTOTAL FROM TD_VENTA_DETALLE WHERE VENT_ID=@VENT_ID AND EST=1),
		VENT_IGV = (SELECT SUM(DETV_TOTAL) AS VENT_SUBTOTAL FROM TD_VENTA_DETALLE WHERE VENT_ID=@VENT_ID AND EST=1) * 0.18,
		VENT_TOTAL = (SELECT SUM(DETV_TOTAL) AS VENT_SUBTOTAL FROM TD_VENTA_DETALLE WHERE VENT_ID=@VENT_ID AND EST=1) + ((SELECT SUM(DETV_TOTAL) AS VENT_SUBTOTAL FROM TD_VENTA_DETALLE WHERE VENT_ID=@VENT_ID AND EST=1) * 0.18)
	WHERE
		VENT_ID = @VENT_ID

	SELECT 
		VENT_SUBTOTAL,
		VENT_IGV,
		VENT_TOTAL 
	FROM 
		TM_VENTA
	WHERE
		VENT_ID = @VENT_ID
SET NOCOUNT OFF
END
GO
/****** Object:  StoredProcedure [dbo].[SP_U_VENTA_03]    Script Date: 25/11/2023 13:44:42 ******/
SET ANSI_NULLS ON
GO
SET QUOTED_IDENTIFIER ON
GO
CREATE PROCEDURE [dbo].[SP_U_VENTA_03]  
@VENT_ID INT,    
@PAG_ID INT,    
@CLI_ID INT,    
@CLI_RUC VARCHAR(20),    
@CLI_DIRECC VARCHAR(150),    
@CLI_CORREO VARCHAR(150),    
@VENT_COMENT VARCHAR(250),    
@MON_ID INT,   
@DOC_ID INT  
AS    
BEGIN    
 UPDATE TM_VENTA    
 SET    
  PAG_ID = @PAG_ID,    
  CLI_ID = @CLI_ID,    
  CLI_RUC = @CLI_RUC,    
  CLI_DIRECC = @CLI_DIRECC,    
  CLI_CORREO = @CLI_CORREO,    
  VENT_COMENT = @VENT_COMENT,    
  MON_ID = @MON_ID,  
  DOC_ID = @DOC_ID,
  FECH_CREA = GETDATE(),    
  EST = 1    
 WHERE    
  VENT_ID = @VENT_ID    
     
 DECLARE @ID_REGISTRO INT    
 DECLARE @PROD_ID INT    
 DECLARE @CANT INT    
    
 DECLARE CUR CURSOR FOR SELECT DETV_ID FROM TD_VENTA_DETALLE WHERE VENT_ID=@VENT_ID    
 OPEN CUR    
 FETCH NEXT FROM CUR INTO @ID_REGISTRO    
 WHILE @@FETCH_STATUS=0    
  BEGIN    
   SELECT @PROD_ID=PROD_ID FROM TD_VENTA_DETALLE WHERE DETV_ID = @ID_REGISTRO    
       
   SELECT @CANT=DETV_CANT FROM TD_VENTA_DETALLE WHERE DETV_ID = @ID_REGISTRO    
    
   UPDATE TM_PRODUCTO    
   SET    
    PROD_STOCK = PROD_STOCK - @CANT    
   WHERE    
    PROD_ID = @PROD_ID    
    
   FETCH NEXT FROM CUR INTO @ID_REGISTRO    
  END    
 CLOSE CUR    
 DEALLOCATE CUR    
END  
GO
